client_id,age,revenu_annuel_k,frequence_achat_mois,panier_moyen,score_engagement,sensibilite_promo,canal_prefere,region
C0000,26,25.7,3.67,29.58,65.4,70.0,mobile,urbain
C0001,33,85.9,4.49,130.27,88.9,37.1,web,urbain
C0002,40,25.0,1.24,98.6,81.0,57.0,mobile,urbain
C0003,46,51.1,5.37,94.15,56.2,48.5,web,urbain
C0004,24,20.6,3.02,29.02,92.2,90.8,web,urbain
C0005,29,25.1,5.63,48.47,59.6,80.1,mobile,urbain
C0006,35,47.3,2.12,48.76,64.2,77.1,mobile,urbain
C0007,39,67.0,4.87,136.24,82.1,17.1,magasin,rural
C0008,38,55.6,3.05,56.4,59.4,69.0,magasin,urbain
C0009,37,53.7,1.91,41.51,35.2,60.6,mobile,periurbain
C0010,33,18.7,3.72,27.47,64.2,82.5,mobile,urbain
C0011,47,71.6,5.44,98.46,88.2,45.3,magasin,urbain
C0012,44,78.3,4.97,116.86,84.7,26.1,magasin,rural
C0013,31,28.7,3.21,36.81,76.7,77.8,web,urbain
C0014,34,29.4,5.24,37.1,47.5,71.9,mobile,urbain
C0015,29,45.4,4.19,39.37,82.0,59.9,magasin,urbain
C0016,20,41.2,4.21,37.02,79.6,100.0,web,periurbain
C0017,39,39.5,3.35,58.59,59.0,54.3,magasin,rural
C0018,49,42.9,2.36,56.38,51.8,64.5,web,periurbain
C0019,34,42.8,4.3,64.52,62.7,69.6,mobile,periurbain
C0020,30,63.0,3.19,73.0,61.9,46.5,web,periurbain
C0021,30,37.8,4.38,44.69,62.5,86.7,mobile,urbain
C0022,39,27.9,2.61,40.49,72.7,92.9,mobile,urbain
C0023,28,28.6,2.59,22.14,81.9,82.7,mobile,urbain
C0024,40,64.7,2.37,46.94,54.6,56.7,web,periurbain
C0025,37,94.5,6.45,177.43,81.8,14.7,mobile,rural
C0026,44,32.5,3.82,41.71,74.4,80.6,mobile,urbain
C0027,42,42.6,1.96,75.92,54.4,78.0,web,periurbain
C0028,51,27.3,2.29,67.31,38.3,50.7,magasin,periurbain
C0029,35,42.2,4.67,28.45,65.7,86.9,web,urbain
C0030,40,44.3,3.24,82.0,52.9,73.9,magasin,urbain
C0031,33,29.5,4.19,26.99,83.1,80.2,web,urbain
C0032,25,20.7,1.93,49.27,56.6,99.5,mobile,urbain
C0033,41,80.3,4.06,151.97,83.7,41.2,magasin,periurbain
C0034,36,81.0,4.91,78.14,73.2,36.9,mobile,rural
C0035,39,88.3,4.06,110.76,85.6,16.3,web,periurbain
C0036,35,35.8,4.11,53.79,92.0,92.1,mobile,periurbain
C0037,18,21.8,3.05,42.31,78.2,74.7,mobile,urbain
C0038,38,33.9,1.77,49.67,44.3,72.6,magasin,periurbain
C0039,45,49.8,1.83,86.61,49.9,61.5,web,periurbain
C0040,36,26.4,3.76,63.25,64.5,100.0,mobile,periurbain
C0041,46,57.7,3.16,45.74,47.8,57.0,magasin,urbain
C0042,29,37.0,4.01,25.98,76.6,88.1,web,urbain
C0043,46,90.3,4.53,79.87,87.4,30.5,web,periurbain
C0044,23,40.4,3.75,50.18,72.3,82.3,mobile,periurbain
C0045,43,43.4,2.21,68.43,61.1,54.3,web,periurbain
C0046,28,28.5,5.54,44.36,84.4,67.1,web,urbain
C0047,43,58.7,2.13,99.37,90.2,55.6,magasin,rural
C0048,39,62.5,4.02,64.59,52.1,56.6,web,urbain
C0049,23,25.9,3.76,44.81,90.6,72.0,mobile,rural
C0050,47,78.1,4.55,161.62,75.0,32.6,magasin,urbain
C0051,40,90.9,4.89,223.94,78.9,21.6,web,urbain
C0052,34,103.4,6.02,118.02,77.3,33.7,magasin,urbain
C0053,41,54.7,6.15,200.86,79.1,23.3,magasin,rural
C0054,44,51.3,3.19,110.18,55.5,50.4,web,urbain
C0055,39,114.3,4.08,145.83,83.9,42.3,magasin,periurbain
C0056,26,40.4,4.62,64.16,79.0,78.4,web,urbain
C0057,34,36.1,5.08,56.03,88.6,88.5,mobile,periurbain
C0058,28,33.2,5.25,32.2,76.4,78.1,web,urbain
C0059,30,32.4,2.17,50.96,79.7,100.0,web,urbain
C0060,44,63.8,2.51,79.02,66.5,62.2,mobile,rural
C0061,26,33.6,5.09,29.68,73.6,75.0,mobile,urbain
C0062,35,88.8,6.17,135.7,79.6,50.6,web,rural
C0063,20,18.0,4.33,35.98,59.7,89.1,mobile,urbain
C0064,21,39.0,4.58,40.81,94.2,71.3,mobile,urbain
C0065,42,50.4,2.38,80.34,40.5,77.3,magasin,periurbain
C0066,31,35.7,4.48,47.37,79.7,95.3,mobile,urbain
C0067,41,94.8,4.51,188.4,78.6,49.6,web,urbain
C0068,30,26.6,4.81,34.17,66.6,63.1,mobile,urbain
C0069,35,40.0,3.02,164.61,90.3,33.1,magasin,urbain
C0070,31,81.1,4.6,97.46,96.0,38.5,magasin,urbain
C0071,30,18.0,3.5,33.82,60.0,79.2,mobile,urbain
C0072,26,36.6,5.48,53.1,72.7,75.5,web,periurbain
C0073,46,93.4,5.65,119.27,94.5,30.4,magasin,periurbain
C0074,54,50.0,2.01,65.29,53.5,65.1,magasin,periurbain
C0075,46,42.3,2.58,112.56,82.2,65.2,web,rural
C0076,39,84.2,5.21,102.2,81.9,8.0,magasin,periurbain
C0077,26,44.6,2.33,24.43,74.7,92.5,mobile,periurbain
C0078,35,31.7,3.59,52.6,79.8,66.2,magasin,urbain
C0079,38,43.0,3.05,46.75,77.9,84.6,mobile,urbain
C0080,39,103.1,5.14,125.03,90.2,0.0,web,periurbain
C0081,39,36.8,1.43,94.89,51.5,64.2,magasin,periurbain
C0082,29,21.7,5.0,36.07,53.3,77.7,mobile,periurbain
C0083,27,29.2,3.41,66.92,76.6,86.3,mobile,periurbain
C0084,27,30.4,3.71,41.55,80.7,82.5,mobile,urbain
C0085,33,31.4,3.89,18.02,83.0,85.5,mobile,urbain
C0086,57,46.6,3.6,55.28,66.6,47.4,magasin,urbain
C0087,38,67.1,2.43,77.91,70.2,65.9,magasin,periurbain
C0088,58,81.0,4.8,174.77,92.8,42.2,web,periurbain
C0089,53,36.5,2.87,60.42,57.1,63.9,magasin,rural
C0090,39,35.6,3.51,53.57,86.3,69.7,web,periurbain
C0091,40,61.8,2.46,76.26,55.6,60.2,web,periurbain
C0092,52,66.8,3.61,62.63,78.9,12.1,web,urbain
C0093,53,58.1,1.98,114.54,71.7,56.1,web,periurbain
C0094,28,52.4,5.62,223.39,95.1,34.8,magasin,periurbain
C0095,47,50.8,2.69,72.87,47.4,56.6,web,urbain
C0096,35,37.0,2.76,99.06,70.9,41.2,magasin,urbain
C0097,35,45.8,3.1,56.57,59.5,44.0,magasin,urbain
C0098,19,35.5,3.78,48.63,74.7,95.6,mobile,urbain
C0099,30,36.3,3.86,42.49,63.6,75.4,mobile,urbain
C0100,22,26.5,2.94,52.74,68.5,94.5,web,urbain
C0101,36,69.5,1.53,79.58,66.9,65.0,web,urbain
C0102,29,30.8,4.96,68.53,65.3,68.3,mobile,urbain
C0103,36,64.4,4.11,64.04,66.0,79.5,web,urbain
C0104,34,63.7,3.95,95.16,84.3,18.8,mobile,rural
C0105,30,19.6,4.2,52.0,48.1,85.7,mobile,urbain
C0106,54,52.2,1.97,73.0,65.8,60.9,mobile,periurbain
C0107,40,56.6,4.49,106.36,78.1,42.8,magasin,periurbain
C0108,22,29.5,5.26,43.7,99.8,85.9,mobile,periurbain
C0109,30,30.8,4.65,53.48,62.6,68.7,mobile,rural
C0110,18,36.1,2.48,16.17,76.7,100.0,magasin,urbain
C0111,29,31.2,4.9,38.52,75.2,85.2,web,urbain
C0112,38,68.4,5.14,106.55,84.2,27.9,magasin,rural
C0113,39,96.7,5.99,157.52,84.1,12.3,web,urbain
C0114,38,46.1,2.65,83.53,57.0,65.8,web,periurbain
C0115,31,79.4,3.39,159.0,96.2,42.6,web,urbain
C0116,37,108.8,4.75,126.2,79.1,24.4,magasin,urbain
C0117,30,32.0,4.32,56.29,83.4,67.2,mobile,urbain
C0118,28,78.0,3.43,74.93,88.3,37.1,magasin,urbain
C0119,38,25.0,2.11,81.05,37.3,62.2,mobile,urbain
C0120,39,92.4,4.72,103.94,93.6,26.1,mobile,urbain
C0121,35,66.1,4.43,197.91,73.0,8.6,magasin,periurbain
C0122,25,40.3,3.07,63.91,80.1,77.1,mobile,periurbain
C0123,42,27.2,4.69,45.59,87.6,97.6,mobile,urbain
C0124,32,26.6,6.22,43.64,67.6,83.8,mobile,urbain
C0125,33,38.3,3.68,62.18,43.3,66.4,mobile,urbain
C0126,48,94.9,5.6,111.51,72.6,46.0,web,urbain
C0127,50,92.0,5.06,213.78,78.9,39.1,magasin,periurbain
C0128,38,36.1,4.45,54.87,67.6,73.6,magasin,urbain
C0129,35,28.3,4.45,54.14,54.9,56.7,magasin,periurbain
C0130,48,42.2,2.45,79.09,54.5,79.3,magasin,periurbain
C0131,33,41.4,4.02,26.44,76.8,75.5,web,urbain
C0132,36,32.2,4.17,62.43,74.9,100.0,mobile,urbain
C0133,34,35.0,5.35,50.08,70.3,69.8,mobile,urbain
C0134,37,66.7,4.02,158.6,97.4,32.7,magasin,urbain
C0135,36,27.1,3.64,42.18,62.6,88.5,magasin,urbain
C0136,36,43.6,3.25,67.29,82.2,55.2,magasin,periurbain
C0137,32,30.4,1.23,96.73,50.3,90.7,magasin,urbain
C0138,38,48.0,6.27,56.5,84.3,87.9,mobile,periurbain
C0139,32,81.9,4.43,122.14,89.6,39.5,magasin,periurbain
C0140,30,78.5,3.88,72.67,83.3,26.5,magasin,periurbain
C0141,23,46.8,5.27,48.99,69.3,72.4,web,urbain
C0142,55,63.4,2.16,53.85,60.0,38.8,web,rural
C0143,26,19.2,4.42,35.61,58.0,53.3,mobile,urbain
C0144,29,46.2,5.79,36.51,64.8,86.7,mobile,urbain
C0145,34,41.8,3.68,39.56,61.5,73.7,magasin,urbain
C0146,48,40.0,3.94,69.12,57.7,51.0,mobile,urbain
C0147,28,56.8,3.26,68.94,58.9,66.2,magasin,urbain
C0148,20,27.8,4.75,26.95,75.5,68.4,mobile,rural
C0149,19,41.3,2.92,32.28,74.4,93.5,mobile,urbain
C0150,42,94.5,4.78,125.15,77.4,29.0,magasin,urbain
C0151,32,39.2,0.96,29.88,79.4,100.0,mobile,urbain
C0152,28,43.0,3.02,32.41,66.2,72.5,web,urbain
C0153,44,45.5,2.34,45.86,70.4,59.1,web,periurbain
C0154,41,68.5,4.17,178.2,84.9,10.7,web,periurbain
C0155,40,40.6,3.26,57.37,72.8,90.5,mobile,urbain
C0156,37,58.3,2.3,66.73,44.6,65.1,web,periurbain
C0157,39,107.4,4.52,153.83,75.5,33.1,magasin,urbain
C0158,36,52.7,4.5,45.91,74.3,78.5,mobile,periurbain
C0159,43,61.2,1.69,94.52,76.4,58.6,web,periurbain
C0160,37,31.8,2.6,35.94,82.1,87.5,mobile,urbain
C0161,39,38.8,4.05,68.2,75.0,78.3,web,rural
C0162,45,47.8,1.79,79.84,41.5,74.3,magasin,urbain
C0163,44,45.4,3.13,65.45,70.2,43.8,magasin,periurbain
C0164,23,26.6,4.42,44.15,76.2,86.9,web,urbain
C0165,42,77.7,5.27,204.5,82.9,16.3,magasin,rural
C0166,18,38.8,3.16,40.91,76.0,83.9,mobile,periurbain
C0167,32,29.9,4.69,49.38,60.8,92.9,web,urbain
C0168,31,46.7,3.53,37.81,71.8,79.0,mobile,urbain
C0169,35,37.3,3.46,104.79,56.5,58.0,magasin,urbain
C0170,42,59.6,1.77,78.29,71.7,66.0,magasin,periurbain
C0171,18,37.4,3.02,20.03,78.1,95.7,web,urbain
C0172,53,61.1,4.08,87.36,59.1,40.8,mobile,periurbain
C0173,42,30.6,3.95,48.62,72.5,99.0,mobile,urbain
C0174,37,34.8,2.05,73.33,52.0,51.7,magasin,periurbain
C0175,21,31.3,1.99,51.12,73.0,67.4,mobile,urbain
C0176,40,40.5,2.89,98.13,31.7,61.4,magasin,periurbain
C0177,43,40.5,2.31,59.67,73.1,60.3,web,periurbain
C0178,33,54.8,2.8,82.56,86.1,34.1,magasin,urbain
C0179,26,33.2,5.73,52.76,68.8,73.1,mobile,urbain
C0180,28,24.1,3.64,42.92,69.3,75.5,magasin,urbain
C0181,22,43.3,3.68,42.23,80.5,84.3,mobile,periurbain
C0182,34,88.5,3.46,141.8,83.7,25.5,web,urbain
C0183,35,83.7,4.76,102.03,94.1,17.6,magasin,rural
C0184,25,46.2,2.37,53.03,84.0,75.3,mobile,periurbain
C0185,44,50.6,2.48,88.59,69.1,39.0,web,periurbain
C0186,47,102.3,3.51,123.62,75.2,25.4,magasin,urbain
C0187,51,62.0,2.09,70.23,34.4,50.3,magasin,periurbain
C0188,33,42.1,2.58,79.04,46.7,65.1,web,urbain
C0189,32,32.1,3.28,40.68,70.9,78.3,mobile,urbain
C0190,27,44.8,4.47,38.45,80.4,78.7,mobile,periurbain
C0191,38,90.1,3.03,98.56,74.4,29.7,magasin,periurbain
C0192,44,91.0,2.8,119.01,77.7,20.5,mobile,urbain
C0193,28,55.5,1.63,78.31,87.0,49.0,web,periurbain
C0194,36,47.7,2.32,47.96,66.4,80.9,mobile,urbain
C0195,31,35.7,5.1,43.18,75.7,78.1,mobile,periurbain
C0196,46,44.3,2.94,73.47,73.8,59.4,magasin,periurbain
C0197,32,70.2,4.0,186.11,66.9,65.7,magasin,rural
C0198,39,87.1,5.12,160.58,88.4,29.1,web,urbain
C0199,37,102.4,5.19,40.0,89.2,30.3,mobile,urbain
C0200,50,57.5,1.9,81.33,44.4,43.4,magasin,urbain
C0201,35,36.1,4.67,48.19,64.3,86.3,web,periurbain
C0202,36,37.7,4.22,54.84,71.7,73.2,mobile,urbain
C0203,34,79.4,3.81,127.22,68.9,30.6,mobile,periurbain
C0204,47,57.4,1.15,60.27,47.2,48.7,magasin,rural
C0205,34,30.4,3.48,17.95,79.6,69.6,magasin,urbain
C0206,37,21.5,0.5,44.21,93.6,94.4,mobile,urbain
C0207,48,38.3,3.03,83.1,72.8,93.1,mobile,rural
C0208,29,18.0,2.97,37.09,65.7,83.5,web,urbain
C0209,29,31.9,3.41,43.86,81.9,73.3,mobile,urbain
C0210,33,39.8,2.17,89.74,61.7,62.3,web,rural
C0211,45,47.0,2.84,63.51,23.9,58.4,magasin,periurbain
C0212,49,60.4,2.68,77.55,49.4,56.2,magasin,periurbain
C0213,28,28.4,3.8,49.21,54.7,59.0,mobile,urbain
C0214,38,46.5,2.19,100.14,62.6,63.6,web,periurbain
C0215,35,31.4,4.6,29.14,53.4,90.2,mobile,urbain
C0216,24,41.0,2.37,61.71,61.2,88.4,web,urbain
C0217,38,46.4,2.64,55.96,68.4,53.8,mobile,periurbain
C0218,40,38.1,0.4,70.56,91.8,69.4,mobile,periurbain
C0219,39,91.8,3.42,177.0,89.7,36.6,magasin,rural
C0220,47,53.9,2.28,63.68,59.4,78.6,web,periurbain
C0221,43,48.5,2.76,78.39,54.9,77.9,web,urbain
C0222,28,18.9,3.59,61.94,72.3,84.3,magasin,urbain
C0223,21,27.1,3.35,38.19,87.4,87.6,mobile,urbain
C0224,32,41.1,5.7,29.82,62.3,69.4,magasin,urbain
C0225,35,31.4,3.42,43.82,62.0,100.0,mobile,rural
C0226,26,85.3,6.62,138.24,82.5,23.7,magasin,urbain
C0227,28,63.3,1.32,69.2,52.0,67.1,magasin,urbain
C0228,26,90.3,6.62,90.29,85.5,20.1,magasin,urbain
C0229,45,48.2,2.02,82.78,83.3,57.7,web,periurbain
C0230,31,90.5,6.08,150.45,81.5,28.0,mobile,urbain
C0231,33,54.0,3.39,65.86,51.4,63.2,web,urbain
C0232,57,45.5,2.28,62.34,68.4,57.8,magasin,urbain
C0233,37,61.2,3.88,63.19,31.9,72.1,magasin,urbain
C0234,18,39.1,2.35,50.77,72.2,72.5,mobile,urbain
C0235,39,54.9,2.7,84.52,85.7,41.2,web,periurbain
C0236,24,21.4,3.57,53.06,70.5,97.1,mobile,urbain
C0237,21,34.9,4.86,36.95,40.7,84.0,web,periurbain
C0238,51,37.3,3.21,95.47,33.1,63.8,web,urbain
C0239,31,28.1,2.99,42.41,59.0,71.1,mobile,urbain
C0240,44,61.3,5.27,154.19,70.2,19.9,web,periurbain
C0241,35,90.3,5.38,129.2,79.2,45.1,magasin,periurbain
C0242,40,67.5,3.77,156.29,87.3,44.8,magasin,urbain
C0243,33,20.0,5.06,30.02,67.4,84.5,mobile,urbain
C0244,33,30.5,4.44,52.65,68.2,100.0,magasin,urbain
C0245,44,89.6,5.44,116.4,79.5,14.8,web,rural
C0246,45,55.8,3.01,104.14,57.9,68.0,web,urbain
C0247,45,97.3,4.31,135.49,71.9,23.7,magasin,rural
C0248,43,82.9,4.61,114.89,89.6,33.1,web,rural
C0249,25,101.7,4.12,107.8,89.5,23.3,magasin,periurbain
C0250,33,21.1,5.25,45.14,67.6,83.4,mobile,urbain
C0251,35,34.5,1.23,94.03,49.2,78.4,mobile,rural
C0252,35,51.3,3.48,181.25,82.8,21.4,magasin,periurbain
C0253,36,43.6,3.37,26.09,67.0,84.6,mobile,urbain
C0254,31,31.6,3.84,32.9,69.2,72.8,web,periurbain
C0255,29,38.7,1.25,62.3,56.8,42.6,web,urbain
C0256,41,83.2,3.88,144.19,79.6,24.7,magasin,periurbain
C0257,33,56.3,3.33,53.33,69.5,78.5,web,urbain
C0258,49,50.7,3.1,80.13,63.5,44.1,magasin,periurbain
C0259,28,31.7,1.96,48.17,78.9,81.4,mobile,periurbain
C0260,46,37.8,2.58,70.86,61.2,55.6,magasin,periurbain
C0261,36,53.1,6.35,186.35,73.7,36.3,magasin,urbain
C0262,31,30.1,2.86,33.71,61.0,73.7,mobile,urbain
C0263,47,62.9,2.08,78.31,65.0,65.7,magasin,periurbain
C0264,43,59.7,5.47,169.06,77.9,28.5,web,rural
C0265,50,71.6,1.89,49.14,62.3,68.7,magasin,periurbain
C0266,33,54.9,2.05,104.95,85.9,50.8,magasin,urbain
C0267,38,56.6,2.25,73.18,58.4,37.0,mobile,periurbain
C0268,26,43.5,2.29,51.76,68.7,79.2,mobile,urbain
C0269,34,34.7,4.48,53.62,68.0,75.9,mobile,urbain
C0270,63,104.4,3.25,91.71,87.9,34.6,web,rural
C0271,38,87.9,4.69,60.32,82.2,17.8,magasin,periurbain
C0272,42,76.4,5.52,154.89,87.4,35.3,web,periurbain
C0273,43,65.3,5.16,105.85,80.7,24.5,web,urbain
C0274,49,57.2,1.48,74.99,48.1,44.9,mobile,urbain
C0275,59,52.3,1.36,63.83,72.3,85.1,web,periurbain
C0276,54,89.0,3.73,156.71,62.9,28.0,magasin,periurbain
C0277,35,48.9,1.77,78.6,45.5,55.1,magasin,urbain
C0278,48,45.7,2.63,47.93,53.8,59.4,magasin,urbain
C0279,60,62.0,6.06,172.89,86.2,49.1,magasin,rural
C0280,39,104.0,5.7,116.1,73.4,25.6,magasin,rural
C0281,24,31.5,5.28,36.51,71.5,82.6,mobile,periurbain
C0282,34,18.0,3.07,44.54,86.4,77.1,mobile,rural
C0283,18,37.0,3.04,27.72,64.5,80.2,mobile,urbain
C0284,48,60.7,3.19,53.52,55.2,59.9,magasin,rural
C0285,25,32.7,4.35,59.47,80.5,89.9,web,urbain
C0286,45,39.4,3.86,86.56,51.8,54.2,magasin,periurbain
C0287,43,51.1,4.13,93.29,60.7,71.3,magasin,urbain
C0288,40,30.3,2.78,34.17,58.9,74.2,mobile,urbain
C0289,42,57.0,1.78,101.35,65.2,72.4,magasin,urbain
C0290,22,39.1,4.01,48.64,57.9,73.0,mobile,urbain
C0291,32,21.1,4.82,27.21,78.6,88.3,web,urbain
C0292,41,72.3,3.59,69.31,86.8,9.2,mobile,periurbain
C0293,33,29.6,3.4,50.78,76.0,85.2,mobile,urbain
C0294,34,36.9,2.58,39.07,71.5,80.7,web,urbain
C0295,50,34.9,3.16,97.92,63.4,73.1,magasin,periurbain
C0296,41,100.8,4.74,138.84,81.2,46.8,magasin,urbain
C0297,32,20.8,4.24,16.8,79.5,90.9,mobile,urbain
C0298,56,42.9,1.65,100.67,85.5,60.0,magasin,periurbain
C0299,25,28.1,5.28,62.22,78.8,73.2,mobile,urbain
C0300,27,34.7,5.66,52.25,77.0,86.6,magasin,urbain
C0301,28,45.0,2.82,53.28,63.4,57.5,magasin,periurbain
C0302,39,46.5,2.53,65.87,60.7,50.9,magasin,rural
C0303,34,54.2,3.17,59.52,70.5,52.4,magasin,urbain
C0304,44,56.2,2.57,82.19,50.8,57.6,magasin,rural
C0305,37,68.6,4.42,83.8,80.1,24.6,web,urbain
C0306,42,52.8,3.39,62.3,41.2,47.5,web,urbain
C0307,24,21.6,3.25,44.18,79.1,76.4,mobile,urbain
C0308,39,66.7,5.17,75.49,81.1,31.6,magasin,periurbain
C0309,31,24.0,3.69,20.69,71.0,73.7,mobile,periurbain
C0310,41,41.6,4.16,68.22,83.7,69.8,magasin,rural
C0311,31,18.0,3.47,52.14,71.4,67.9,web,urbain
C0312,36,31.5,4.94,37.6,51.6,72.8,mobile,periurbain
C0313,37,76.6,6.5,194.91,100.0,26.1,web,periurbain
C0314,51,61.0,4.82,99.59,79.3,18.0,web,urbain
C0315,38,56.3,1.61,77.97,75.1,53.8,web,urbain
C0316,50,49.9,2.12,82.71,42.6,68.2,web,rural
C0317,24,24.9,4.44,56.75,64.4,86.6,mobile,urbain
C0318,29,24.7,2.68,33.99,75.5,80.1,mobile,urbain
C0319,25,35.7,0.5,36.0,65.7,95.9,web,urbain
C0320,43,26.7,3.29,77.88,65.1,100.0,mobile,urbain
C0321,28,65.2,2.34,79.17,57.4,54.9,web,urbain
C0322,38,51.3,1.23,87.51,52.2,46.4,magasin,periurbain
C0323,26,34.9,2.92,51.1,80.2,100.0,magasin,urbain
C0324,40,105.3,3.88,164.08,82.4,27.2,magasin,periurbain
C0325,41,50.1,4.02,91.74,70.2,54.5,magasin,rural
C0326,36,57.6,3.39,100.51,49.5,57.2,web,urbain
C0327,49,43.3,3.18,70.57,62.5,46.2,mobile,rural
C0328,43,25.0,2.43,44.65,74.9,69.3,magasin,periurbain
C0329,23,46.0,4.92,39.16,85.6,70.9,mobile,urbain
C0330,26,23.5,5.27,38.89,76.2,76.3,mobile,urbain
C0331,25,80.8,3.23,207.55,91.3,29.3,web,periurbain
C0332,32,33.6,4.12,57.27,80.8,84.9,mobile,urbain
C0333,28,32.7,2.44,70.94,90.2,88.0,mobile,urbain
C0334,23,32.6,4.11,27.1,76.0,80.4,web,rural
C0335,18,25.1,3.3,64.65,78.7,68.6,mobile,urbain
C0336,48,73.5,4.51,184.4,73.7,11.2,magasin,urbain
C0337,31,25.0,2.19,83.93,74.8,54.4,magasin,periurbain
C0338,29,44.1,2.77,82.09,50.9,60.4,web,periurbain
C0339,32,24.1,3.87,47.36,67.9,83.7,mobile,urbain
C0340,46,49.6,2.07,78.04,68.0,35.4,web,rural
C0341,45,60.0,1.37,61.23,54.0,50.6,web,periurbain
C0342,26,33.6,2.36,37.25,75.8,78.7,mobile,urbain
C0343,31,51.2,4.18,74.33,61.2,68.3,magasin,periurbain
C0344,43,64.3,1.94,106.73,68.9,66.6,mobile,rural
C0345,50,49.4,0.83,53.89,55.4,63.7,magasin,periurbain
C0346,28,49.4,0.96,87.67,56.7,65.0,magasin,periurbain
C0347,35,36.7,3.64,48.96,63.5,90.6,magasin,urbain
C0348,39,40.6,2.92,46.34,56.5,87.7,mobile,urbain
C0349,34,45.2,2.33,52.23,63.4,63.0,mobile,periurbain
C0350,49,64.6,2.16,62.98,64.9,55.7,magasin,periurbain
C0351,25,105.7,4.67,123.6,83.3,27.5,magasin,urbain
C0352,42,52.4,3.46,55.62,64.6,56.8,web,periurbain
C0353,28,27.2,4.32,47.64,63.5,74.9,web,rural
C0354,28,24.8,4.81,37.57,37.1,78.3,mobile,urbain
C0355,33,49.1,3.8,79.64,49.5,65.5,mobile,urbain
C0356,22,18.0,3.33,43.9,70.8,77.8,web,urbain
C0357,33,55.8,1.7,60.46,37.5,54.0,magasin,rural
C0358,47,91.4,3.5,126.42,77.8,44.0,magasin,urbain
C0359,48,66.3,2.23,86.82,89.9,52.6,web,periurbain
C0360,47,29.2,2.26,81.87,60.6,65.1,magasin,periurbain
C0361,35,41.2,1.9,88.94,70.6,65.4,web,periurbain
C0362,54,63.2,3.26,106.07,34.8,53.7,magasin,urbain
C0363,35,55.6,3.83,86.51,62.0,48.1,magasin,urbain
C0364,32,104.5,5.38,136.63,80.7,3.7,mobile,urbain
C0365,35,67.1,1.45,77.41,72.1,44.9,magasin,urbain
C0366,40,98.9,4.61,238.39,70.7,40.7,magasin,urbain
C0367,43,68.8,4.83,72.97,88.8,31.6,magasin,periurbain
C0368,31,33.2,2.74,33.45,86.2,96.4,mobile,urbain
C0369,24,41.4,4.6,65.29,61.5,78.2,mobile,periurbain
C0370,30,37.2,3.54,31.52,82.6,89.2,mobile,urbain
C0371,24,42.8,5.2,43.61,73.0,87.5,mobile,urbain
C0372,18,39.0,1.93,60.04,68.0,79.9,mobile,urbain
C0373,52,25.0,3.75,80.08,41.1,47.1,web,periurbain
C0374,22,41.1,4.21,30.74,74.6,71.7,web,periurbain
C0375,32,34.9,5.91,42.0,57.8,86.5,mobile,urbain
C0376,56,63.7,4.24,152.58,83.6,16.2,magasin,periurbain
C0377,30,24.8,1.94,45.1,85.2,86.8,mobile,urbain
C0378,30,97.0,5.51,83.9,96.7,34.9,web,periurbain
C0379,21,30.8,4.4,63.56,80.5,79.6,mobile,urbain
C0380,23,41.8,2.64,61.54,68.6,97.9,mobile,rural
C0381,38,44.6,2.99,75.39,49.7,58.0,web,periurbain
C0382,45,38.2,1.56,43.63,32.9,43.7,magasin,periurbain
C0383,35,85.2,5.0,142.59,83.4,13.7,magasin,periurbain
C0384,30,37.8,2.35,56.64,65.1,51.3,web,urbain
C0385,56,103.4,4.81,173.94,92.8,21.2,magasin,urbain
C0386,34,33.1,1.91,32.37,71.1,81.2,mobile,urbain
C0387,32,43.9,6.53,37.15,77.9,87.7,mobile,rural
C0388,42,40.0,5.28,142.42,82.2,52.6,magasin,rural
C0389,34,74.7,6.59,108.88,79.6,26.2,magasin,rural
C0390,29,72.4,3.99,135.3,87.4,33.0,magasin,urbain
C0391,44,61.8,3.0,93.82,64.5,76.2,web,rural
C0392,43,39.1,4.49,26.68,56.5,84.9,mobile,urbain
C0393,40,110.6,5.3,98.06,83.1,18.3,web,urbain
C0394,26,22.0,3.65,35.27,36.8,100.0,mobile,periurbain
C0395,39,60.9,6.3,204.41,85.3,40.3,magasin,urbain
C0396,40,57.9,4.19,142.62,80.4,25.4,web,urbain
C0397,42,37.4,1.95,50.88,71.7,34.7,mobile,urbain
C0398,48,107.0,4.3,46.89,81.1,27.2,web,urbain
C0399,51,94.0,3.68,82.08,81.4,25.4,web,periurbain
C0400,32,47.5,4.78,41.42,69.8,78.4,mobile,periurbain
C0401,39,82.9,4.1,89.96,86.6,27.3,web,periurbain
C0402,51,39.2,4.14,42.54,64.1,65.7,magasin,urbain
C0403,33,89.6,5.88,60.41,88.0,0.0,magasin,urbain
C0404,23,45.0,3.1,27.91,69.6,100.0,mobile,urbain
C0405,51,115.4,4.5,94.63,100.0,47.1,web,periurbain
C0406,42,46.4,2.9,100.12,70.3,47.1,magasin,rural
C0407,33,43.7,2.47,41.57,65.6,66.3,mobile,urbain
C0408,25,81.4,5.24,142.31,83.1,12.4,mobile,periurbain
C0409,18,41.6,4.95,42.62,74.7,92.7,web,urbain
C0410,27,42.5,4.18,44.33,56.8,84.9,mobile,urbain
C0411,32,62.8,6.72,184.6,99.4,13.3,mobile,urbain
C0412,40,58.7,3.9,105.87,93.9,23.2,mobile,periurbain
C0413,49,54.0,4.67,47.37,75.6,73.8,magasin,rural
C0414,35,58.1,2.9,69.91,46.5,51.4,mobile,rural
C0415,56,48.0,3.3,59.76,47.1,73.0,web,urbain
C0416,29,32.9,3.59,46.75,80.3,89.3,web,rural
C0417,23,29.7,5.23,52.74,55.5,85.5,mobile,urbain
C0418,55,38.5,1.85,87.75,36.4,52.4,mobile,rural
C0419,37,95.4,5.02,147.34,81.3,32.4,magasin,urbain
C0420,35,78.7,3.61,136.77,77.5,14.6,magasin,rural
C0421,45,74.2,5.01,157.28,87.6,18.1,magasin,periurbain
C0422,29,18.0,3.99,68.55,67.7,74.7,web,periurbain
C0423,50,35.4,3.26,84.63,56.0,64.1,magasin,urbain
C0424,35,39.0,2.43,51.84,71.2,82.7,mobile,periurbain
C0425,50,47.2,1.59,66.92,60.5,74.8,mobile,periurbain
C0426,59,50.6,3.75,71.27,65.5,70.1,mobile,rural
C0427,49,101.0,5.47,126.97,79.4,32.0,web,rural
C0428,35,43.6,2.7,31.96,70.3,85.1,web,urbain
C0429,32,32.3,2.08,26.21,75.4,60.7,mobile,periurbain
C0430,45,50.5,3.58,40.72,83.9,99.0,mobile,urbain
C0431,34,92.5,5.1,175.44,74.4,0.2,web,periurbain
C0432,28,49.5,3.31,71.8,51.6,58.1,web,periurbain
C0433,25,36.2,4.19,44.02,60.1,80.2,mobile,urbain
C0434,38,20.2,3.1,45.95,87.0,77.5,mobile,urbain
C0435,43,68.4,2.85,73.6,62.5,59.9,magasin,urbain
C0436,30,32.1,2.63,57.64,80.0,76.5,mobile,periurbain
C0437,33,68.3,2.83,154.5,69.4,13.3,magasin,rural
C0438,28,47.1,2.46,68.12,43.4,45.9,mobile,rural
C0439,31,24.9,4.02,57.64,79.0,77.9,mobile,periurbain
C0440,29,29.4,3.6,44.55,60.1,71.8,mobile,urbain
C0441,29,84.9,3.71,155.98,84.3,4.4,magasin,periurbain
C0442,23,35.4,2.77,43.17,56.8,64.1,mobile,urbain
C0443,27,31.0,3.32,27.79,67.2,84.7,magasin,urbain
C0444,34,103.1,3.42,155.06,93.5,33.8,mobile,urbain
C0445,47,56.4,3.63,124.09,93.9,32.6,web,urbain
C0446,34,69.2,5.58,89.99,96.9,37.9,web,rural
C0447,38,56.2,4.08,155.28,94.4,14.7,mobile,periurbain
C0448,27,30.8,2.13,49.1,63.3,80.0,mobile,urbain
C0449,29,30.3,3.35,33.26,75.8,98.5,web,urbain
C0450,28,84.8,3.5,86.31,78.1,42.3,magasin,periurbain
C0451,49,50.4,1.22,70.47,62.2,62.1,web,periurbain
C0452,42,53.4,0.62,71.08,60.0,70.2,magasin,rural
C0453,33,47.7,4.21,173.06,95.1,36.5,magasin,rural
C0454,26,31.0,5.8,30.69,91.4,78.8,mobile,urbain
C0455,46,40.6,1.33,77.93,72.1,49.9,web,urbain
C0456,28,36.4,4.94,41.29,94.3,84.2,mobile,urbain
C0457,40,44.6,3.46,82.32,41.5,62.1,magasin,periurbain
C0458,34,38.1,3.87,46.66,87.0,68.7,mobile,periurbain
C0459,27,25.8,4.25,56.76,64.8,58.1,web,urbain
C0460,32,35.4,3.46,26.65,78.2,73.7,mobile,urbain
C0461,38,41.9,2.52,69.69,73.6,62.2,magasin,periurbain
C0462,42,55.7,2.05,80.54,62.4,37.3,magasin,periurbain
C0463,39,37.0,2.91,75.56,63.0,62.3,magasin,periurbain
C0464,44,63.1,5.96,195.42,100.0,14.5,web,periurbain
C0465,32,27.6,6.11,32.7,51.7,77.3,mobile,urbain
C0466,18,32.2,1.31,38.16,91.7,85.6,mobile,urbain
C0467,39,90.5,3.23,158.74,62.4,20.4,mobile,urbain
C0468,26,37.1,3.83,25.13,60.2,84.0,mobile,urbain
C0469,38,71.6,4.12,162.37,79.9,26.9,web,periurbain
C0470,18,38.3,2.99,38.18,62.6,79.4,web,rural
C0471,52,96.4,5.46,88.43,74.8,0.0,magasin,urbain
C0472,32,30.2,3.77,33.73,74.5,89.7,mobile,urbain
C0473,46,74.5,5.3,236.51,83.2,32.7,magasin,urbain
C0474,45,49.9,1.68,77.71,78.5,65.4,web,rural
C0475,45,87.0,3.65,149.15,76.1,20.4,magasin,periurbain
C0476,22,40.4,4.49,33.54,53.5,80.6,mobile,urbain
C0477,39,27.9,2.25,68.5,66.9,51.6,web,periurbain
C0478,49,78.0,5.46,140.79,93.1,23.4,mobile,rural
C0479,34,62.2,2.5,77.99,75.3,47.6,magasin,rural
C0480,46,42.1,2.48,75.3,37.0,50.7,web,rural
C0481,51,56.9,2.54,78.38,53.9,76.3,magasin,urbain
C0482,50,40.2,4.0,46.45,80.8,55.5,web,urbain
C0483,40,29.1,2.19,55.28,49.5,58.4,magasin,rural
C0484,44,37.0,1.81,106.38,47.7,79.9,web,urbain
C0485,48,104.9,4.49,124.41,83.6,32.1,magasin,rural
C0486,33,45.1,4.26,45.74,53.8,55.7,mobile,rural
C0487,26,33.9,3.73,55.53,73.0,74.5,mobile,periurbain
C0488,43,73.4,3.95,140.95,84.1,33.8,web,urbain
C0489,36,96.3,4.3,129.38,91.9,19.5,magasin,urbain
C0490,39,38.3,2.44,82.85,57.9,63.7,mobile,rural
C0491,55,44.6,2.85,64.83,46.2,53.0,mobile,urbain
C0492,26,34.9,6.62,33.41,67.0,81.4,web,urbain
C0493,31,34.1,5.34,12.88,43.4,77.0,web,periurbain
C0494,50,32.3,0.4,84.28,61.4,46.9,web,urbain
C0495,30,27.0,4.39,10.0,61.7,70.7,mobile,urbain
C0496,48,29.4,2.64,84.05,84.0,54.2,magasin,rural
C0497,31,18.0,0.93,52.14,71.9,93.8,mobile,urbain
C0498,54,89.6,4.88,138.3,71.4,44.3,magasin,urbain
C0499,26,60.8,6.04,125.84,95.6,27.1,magasin,urbain
C0500,38,55.0,2.62,46.22,60.3,86.4,web,rural
C0501,50,50.1,2.79,54.35,61.3,72.4,magasin,periurbain
C0502,28,24.9,5.0,38.56,81.1,79.1,magasin,urbain
C0503,41,46.1,3.48,170.53,82.9,21.7,web,urbain
C0504,28,47.0,2.06,56.6,57.0,64.4,web,periurbain
C0505,36,39.8,2.87,44.44,66.5,83.9,mobile,periurbain
C0506,43,74.3,3.12,130.7,93.7,9.7,magasin,urbain
C0507,31,67.7,4.18,90.2,76.2,36.4,web,urbain
C0508,34,95.2,4.4,121.74,84.4,7.1,magasin,rural
C0509,39,58.1,1.59,94.3,60.2,56.0,mobile,periurbain
C0510,51,37.2,1.91,92.65,49.7,70.8,web,periurbain
C0511,47,36.5,3.28,77.59,64.6,52.3,magasin,urbain
C0512,25,76.3,5.54,144.72,99.6,40.3,magasin,urbain
C0513,39,53.5,3.66,118.37,67.7,28.6,web,urbain
C0514,31,37.7,4.07,38.11,79.1,88.8,mobile,urbain
C0515,31,41.6,3.08,67.18,65.7,82.3,mobile,urbain
C0516,19,27.6,2.49,43.62,83.9,88.5,mobile,urbain
C0517,25,118.8,4.9,110.82,85.3,30.1,magasin,urbain
C0518,34,74.7,3.91,87.86,85.2,35.0,magasin,periurbain
C0519,31,27.7,4.81,25.71,61.2,72.4,magasin,urbain
C0520,50,57.4,3.04,93.29,45.7,64.2,magasin,rural
C0521,41,56.5,2.5,67.07,65.6,70.5,web,urbain
C0522,31,40.0,4.8,159.31,86.1,4.6,mobile,rural
C0523,36,42.1,5.97,99.99,94.0,39.4,web,urbain
C0524,42,66.8,4.7,121.1,69.8,1.2,mobile,periurbain
C0525,38,55.0,3.66,69.09,53.2,66.0,magasin,urbain
C0526,46,54.8,0.86,60.3,45.7,61.2,magasin,periurbain
C0527,26,28.0,5.18,45.56,87.2,84.9,mobile,urbain
C0528,20,37.3,5.23,64.19,82.1,93.6,mobile,urbain
C0529,46,89.5,4.71,151.56,86.6,43.4,magasin,periurbain
C0530,46,91.3,4.14,164.48,72.8,40.6,magasin,urbain
C0531,29,87.1,3.75,157.37,83.7,8.9,magasin,urbain
C0532,42,71.6,5.48,138.05,87.2,16.5,web,urbain
C0533,48,64.8,1.88,93.38,27.6,45.7,magasin,urbain
C0534,31,57.7,3.02,152.45,82.3,32.6,magasin,urbain
C0535,45,86.8,5.26,135.57,74.5,40.7,web,urbain
C0536,38,65.6,4.18,150.04,86.8,17.2,web,urbain
C0537,26,40.6,4.4,66.9,86.2,93.4,mobile,urbain
C0538,42,42.5,2.75,91.01,65.0,49.5,magasin,rural
C0539,33,26.9,4.06,38.36,69.4,89.7,mobile,urbain
C0540,25,71.2,4.97,158.45,83.2,27.3,web,rural
C0541,52,56.4,3.39,56.61,56.9,56.4,magasin,urbain
C0542,26,37.2,2.52,62.63,61.2,84.2,mobile,periurbain
C0543,48,42.3,3.37,51.87,78.3,60.2,mobile,rural
C0544,38,45.0,3.33,63.48,47.5,57.3,web,rural
C0545,22,46.6,3.12,51.98,74.5,72.2,magasin,urbain
C0546,28,41.5,5.03,53.03,66.5,71.2,mobile,urbain
C0547,46,26.3,2.59,76.85,54.1,75.5,magasin,periurbain
C0548,40,57.4,4.07,97.61,42.7,57.0,mobile,urbain
C0549,36,90.8,5.29,108.64,84.5,3.8,web,rural
C0550,52,42.9,2.65,68.43,74.0,25.9,mobile,periurbain
C0551,35,113.1,3.71,165.01,86.9,43.1,web,urbain
C0552,50,52.3,1.21,64.29,63.4,70.1,web,periurbain
C0553,46,35.8,0.78,23.02,69.4,61.5,magasin,periurbain
C0554,44,111.1,3.21,136.79,71.1,25.2,magasin,urbain
C0555,42,54.2,3.23,112.79,53.6,48.7,mobile,periurbain
C0556,38,29.7,3.12,36.34,80.6,80.4,web,urbain
C0557,24,32.3,4.58,22.42,77.8,71.4,mobile,periurbain
C0558,45,101.9,5.46,146.8,82.1,21.1,web,rural
C0559,52,41.0,1.67,85.98,46.9,48.6,web,urbain
C0560,41,50.4,3.46,83.48,55.3,57.6,magasin,periurbain
C0561,30,28.2,2.61,24.66,80.0,87.8,mobile,rural
C0562,37,28.1,4.95,41.54,64.7,87.9,web,periurbain
C0563,29,31.7,6.67,56.21,80.7,83.1,web,periurbain
C0564,29,29.6,3.7,10.0,74.5,77.1,mobile,periurbain
C0565,34,47.5,1.66,82.52,62.1,71.5,mobile,rural
C0566,36,48.3,1.37,86.63,65.3,65.9,magasin,periurbain
C0567,53,45.1,2.72,54.45,45.8,61.2,web,rural
C0568,37,74.7,4.07,148.32,72.0,43.4,magasin,urbain
C0569,21,37.4,4.61,46.61,60.1,84.5,mobile,urbain
C0570,49,56.0,2.61,56.45,67.0,60.2,web,periurbain
C0571,39,103.6,3.5,40.0,86.2,31.5,web,urbain
C0572,60,44.9,3.26,62.29,28.7,58.0,mobile,urbain
C0573,41,50.6,2.46,51.25,64.8,36.6,magasin,periurbain
C0574,43,81.0,3.2,113.22,81.9,8.8,magasin,urbain
C0575,50,74.5,5.36,71.01,89.3,18.4,mobile,rural
C0576,31,30.0,5.38,31.51,79.5,79.2,mobile,urbain
C0577,32,81.7,4.54,146.44,84.7,37.6,web,periurbain
C0578,48,36.1,3.13,85.16,31.2,61.1,mobile,urbain
C0579,37,26.8,2.83,42.91,80.2,80.6,mobile,periurbain
C0580,28,42.7,2.09,82.63,21.3,90.6,magasin,rural
C0581,48,124.2,5.47,171.21,85.0,26.3,web,urbain
C0582,37,34.5,2.53,43.68,60.7,59.6,mobile,urbain
C0583,30,27.8,7.49,58.32,57.1,84.3,mobile,urbain
C0584,33,52.3,1.99,91.42,71.9,76.5,magasin,rural
C0585,24,35.8,4.56,36.31,62.7,98.1,magasin,urbain
C0586,24,22.2,3.12,40.51,59.2,81.9,mobile,urbain
C0587,33,36.8,3.33,29.79,59.7,78.3,web,periurbain
C0588,26,22.8,4.12,32.12,65.8,95.3,mobile,periurbain
C0589,21,33.7,5.08,37.49,88.2,94.9,web,periurbain
C0590,39,34.4,4.5,58.97,77.4,77.0,web,urbain
C0591,33,46.6,3.59,34.56,79.5,73.5,magasin,urbain
C0592,29,41.8,4.98,25.2,79.0,79.9,mobile,urbain
C0593,39,40.3,2.91,25.98,67.4,86.3,web,urbain
C0594,45,99.5,4.93,89.37,82.4,40.7,magasin,urbain
C0595,40,37.7,2.49,79.56,48.8,57.2,magasin,urbain
C0596,40,62.5,3.98,72.54,43.9,35.0,web,periurbain
C0597,37,32.9,4.27,15.35,57.6,90.9,mobile,rural
C0598,32,45.1,3.53,42.83,74.3,100.0,mobile,urbain
C0599,28,36.5,3.01,41.41,80.5,100.0,mobile,periurbain
