text_length,word_count,avg_word_length,max_token_length,uppercase_ratio,digit_ratio,punct_ratio,line_count,non_ascii_ratio,zero_width_count,url_count,trigger_keyword_count,role_keyword_count,delimiter_marker_count,has_base64_blob,label,family_l2,technique_l3,target_delta,objective,domain,multi_turn,obfuscation,language,carrier,template_group,source
92,4,22.25,76,0.4875,0.087,0.0109,1,0.0,0,0,0,0,0,1,injection,instruction_reformulation,base_n_encoding,delta2,,medical,0,base_n_encoding,en,clinical_prompt,base_n_encoding__s0,transform_aug
92,4,22.25,76,0.4875,0.087,0.0109,1,0.0,0,0,0,0,0,1,injection,instruction_reformulation,base_n_encoding,delta2,,medical,0,base_n_encoding,en,clinical_prompt,base_n_encoding__s0,transform_aug
92,4,22.25,76,0.4875,0.087,0.0109,1,0.0,0,0,0,0,0,1,injection,instruction_reformulation,base_n_encoding,delta2,,medical,0,base_n_encoding,en,clinical_prompt,base_n_encoding__s0,transform_aug
80,4,19.25,64,0.3824,0.0875,0.025,1,0.0,0,0,0,0,0,1,injection,instruction_reformulation,base_n_encoding,delta2,,medical,0,base_n_encoding,en,clinical_prompt,base_n_encoding__s1,transform_aug
80,4,19.25,64,0.3824,0.0875,0.025,1,0.0,0,0,0,0,0,1,injection,instruction_reformulation,base_n_encoding,delta2,,medical,0,base_n_encoding,en,clinical_prompt,base_n_encoding__s1,transform_aug
80,4,19.25,64,0.3824,0.0875,0.025,1,0.0,0,0,0,0,0,1,injection,instruction_reformulation,base_n_encoding,delta2,,medical,0,base_n_encoding,en,clinical_prompt,base_n_encoding__s1,transform_aug
88,4,21.25,72,0.3649,0.0909,0.0341,1,0.0,0,0,0,0,0,1,injection,instruction_reformulation,base_n_encoding,delta2,,medical,0,base_n_encoding,en,clinical_prompt,base_n_encoding__s2,transform_aug
88,4,21.25,72,0.3649,0.0909,0.0341,1,0.0,0,0,0,0,0,1,injection,instruction_reformulation,base_n_encoding,delta2,,medical,0,base_n_encoding,en,clinical_prompt,base_n_encoding__s2,transform_aug
88,4,21.25,72,0.3649,0.0909,0.0341,1,0.0,0,0,0,0,0,1,injection,instruction_reformulation,base_n_encoding,delta2,,medical,0,base_n_encoding,en,clinical_prompt,base_n_encoding__s2,transform_aug
80,4,19.25,64,0.3582,0.0875,0.0375,1,0.0,0,0,0,0,0,1,injection,instruction_reformulation,base_n_encoding,delta2,,medical,0,base_n_encoding,en,clinical_prompt,base_n_encoding__s3,transform_aug
80,4,19.25,64,0.3582,0.0875,0.0375,1,0.0,0,0,0,0,0,1,injection,instruction_reformulation,base_n_encoding,delta2,,medical,0,base_n_encoding,en,clinical_prompt,base_n_encoding__s3,transform_aug
80,4,19.25,64,0.3582,0.0875,0.0375,1,0.0,0,0,0,0,0,1,injection,instruction_reformulation,base_n_encoding,delta2,,medical,0,base_n_encoding,en,clinical_prompt,base_n_encoding__s3,transform_aug
80,4,19.25,64,0.4167,0.025,0.0375,1,0.0,0,0,0,0,0,1,injection,instruction_reformulation,base_n_encoding,delta2,,medical,0,base_n_encoding,en,clinical_prompt,base_n_encoding__s4,transform_aug
80,4,19.25,64,0.4167,0.025,0.0375,1,0.0,0,0,0,0,0,1,injection,instruction_reformulation,base_n_encoding,delta2,,medical,0,base_n_encoding,en,clinical_prompt,base_n_encoding__s4,transform_aug
80,4,19.25,64,0.4167,0.025,0.0375,1,0.0,0,0,0,0,0,1,injection,instruction_reformulation,base_n_encoding,delta2,,medical,0,base_n_encoding,en,clinical_prompt,base_n_encoding__s4,transform_aug
72,4,17.25,56,0.4754,0.0833,0.0278,1,0.0,0,0,0,0,0,1,injection,instruction_reformulation,base_n_encoding,delta2,,medical,0,base_n_encoding,en,clinical_prompt,base_n_encoding__s5,transform_aug
72,4,17.25,56,0.4754,0.0833,0.0278,1,0.0,0,0,0,0,0,1,injection,instruction_reformulation,base_n_encoding,delta2,,medical,0,base_n_encoding,en,clinical_prompt,base_n_encoding__s5,transform_aug
72,4,17.25,56,0.4754,0.0833,0.0278,1,0.0,0,0,0,0,0,1,injection,instruction_reformulation,base_n_encoding,delta2,,medical,0,base_n_encoding,en,clinical_prompt,base_n_encoding__s5,transform_aug
80,4,19.25,64,0.5224,0.0875,0.0375,1,0.0,0,0,0,0,0,1,injection,instruction_reformulation,base_n_encoding,delta2,,medical,0,base_n_encoding,en,clinical_prompt,base_n_encoding__s6,transform_aug
80,4,19.25,64,0.5224,0.0875,0.0375,1,0.0,0,0,0,0,0,1,injection,instruction_reformulation,base_n_encoding,delta2,,medical,0,base_n_encoding,en,clinical_prompt,base_n_encoding__s6,transform_aug
80,4,19.25,64,0.5224,0.0875,0.0375,1,0.0,0,0,0,0,0,1,injection,instruction_reformulation,base_n_encoding,delta2,,medical,0,base_n_encoding,en,clinical_prompt,base_n_encoding__s6,transform_aug
84,4,20.25,68,0.4085,0.0833,0.0357,1,0.0,0,0,0,0,0,1,injection,instruction_reformulation,base_n_encoding,delta2,,medical,0,base_n_encoding,en,clinical_prompt,base_n_encoding__s7,transform_aug
84,4,20.25,68,0.4085,0.0833,0.0357,1,0.0,0,0,0,0,0,1,injection,instruction_reformulation,base_n_encoding,delta2,,medical,0,base_n_encoding,en,clinical_prompt,base_n_encoding__s7,transform_aug
84,4,20.25,68,0.4085,0.0833,0.0357,1,0.0,0,0,0,0,0,1,injection,instruction_reformulation,base_n_encoding,delta2,,medical,0,base_n_encoding,en,clinical_prompt,base_n_encoding__s7,transform_aug
57,8,6.25,10,0.0222,0.0,0.0877,1,0.0,0,0,0,0,0,0,injection,instruction_reformulation,garbled_text,delta2,,medical,0,garbled_text,en,clinical_prompt,garbled_text__s0,transform_aug
57,8,6.25,10,0.0222,0.0,0.0877,1,0.0,0,0,0,0,0,0,injection,instruction_reformulation,garbled_text,delta2,,medical,0,garbled_text,en,clinical_prompt,garbled_text__s0,transform_aug
57,6,8.667,11,0.0213,0.0,0.0877,1,0.0,0,0,0,0,0,0,injection,instruction_reformulation,garbled_text,delta2,,medical,0,garbled_text,en,clinical_prompt,garbled_text__s0,transform_aug
47,6,7.0,15,0.0263,0.0,0.0851,1,0.0,0,0,0,0,0,0,injection,instruction_reformulation,garbled_text,delta2,,medical,0,garbled_text,en,clinical_prompt,garbled_text__s1,transform_aug
47,7,5.857,11,0.027,0.0,0.0851,1,0.0,0,0,0,0,0,0,injection,instruction_reformulation,garbled_text,delta2,,medical,0,garbled_text,en,clinical_prompt,garbled_text__s1,transform_aug
47,7,5.857,11,0.027,0.0,0.0851,1,0.0,0,0,0,0,0,0,injection,instruction_reformulation,garbled_text,delta2,,medical,0,garbled_text,en,clinical_prompt,garbled_text__s1,transform_aug
52,6,7.833,16,0.0238,0.0,0.0962,1,0.0,0,0,0,0,0,0,injection,instruction_reformulation,garbled_text,delta2,,medical,0,garbled_text,en,clinical_prompt,garbled_text__s2,transform_aug
52,7,6.571,12,0.0244,0.0,0.0962,1,0.0,0,0,0,0,0,0,injection,instruction_reformulation,garbled_text,delta2,,medical,0,garbled_text,en,clinical_prompt,garbled_text__s2,transform_aug
52,7,6.571,12,0.0244,0.0,0.0962,1,0.0,0,0,2,0,0,0,injection,instruction_reformulation,garbled_text,delta2,,medical,0,garbled_text,en,clinical_prompt,garbled_text__s2,transform_aug
46,7,5.714,11,0.0278,0.0,0.087,1,0.0,0,0,0,0,0,0,injection,instruction_reformulation,garbled_text,delta2,,medical,0,garbled_text,en,clinical_prompt,garbled_text__s3,transform_aug
46,6,6.833,11,0.0278,0.0,0.1087,1,0.0,0,0,0,0,0,0,injection,instruction_reformulation,garbled_text,delta2,,medical,0,garbled_text,en,clinical_prompt,garbled_text__s3,transform_aug
46,7,5.714,11,0.0286,0.0,0.1087,1,0.0,0,0,0,0,0,0,injection,instruction_reformulation,garbled_text,delta2,,medical,0,garbled_text,en,clinical_prompt,garbled_text__s3,transform_aug
46,7,5.714,9,0.0278,0.0,0.087,1,0.0,0,0,0,0,0,0,injection,instruction_reformulation,garbled_text,delta2,,medical,0,garbled_text,en,clinical_prompt,garbled_text__s4,transform_aug
46,7,5.714,9,0.0278,0.0,0.087,1,0.0,0,0,0,0,0,0,injection,instruction_reformulation,garbled_text,delta2,,medical,0,garbled_text,en,clinical_prompt,garbled_text__s4,transform_aug
46,5,8.4,15,0.0263,0.0,0.087,1,0.0,0,0,0,0,0,0,injection,instruction_reformulation,garbled_text,delta2,,medical,0,garbled_text,en,clinical_prompt,garbled_text__s4,transform_aug
41,6,6.0,11,0.0312,0.0,0.0976,1,0.0,0,0,0,0,0,0,injection,instruction_reformulation,garbled_text,delta2,,medical,0,garbled_text,en,clinical_prompt,garbled_text__s5,transform_aug
41,5,7.4,11,0.0303,0.0,0.0976,1,0.0,0,0,0,0,0,0,injection,instruction_reformulation,garbled_text,delta2,,medical,0,garbled_text,en,clinical_prompt,garbled_text__s5,transform_aug
41,6,6.0,11,0.0312,0.0,0.0976,1,0.0,0,0,0,0,0,0,injection,instruction_reformulation,garbled_text,delta2,,medical,0,garbled_text,en,clinical_prompt,garbled_text__s5,transform_aug
46,9,4.222,6,0.0294,0.0,0.087,1,0.0,0,0,0,0,0,0,injection,instruction_reformulation,garbled_text,delta2,,medical,0,garbled_text,en,clinical_prompt,garbled_text__s6,transform_aug
46,9,4.222,6,0.0294,0.0,0.087,1,0.0,0,0,0,0,0,0,injection,instruction_reformulation,garbled_text,delta2,,medical,0,garbled_text,en,clinical_prompt,garbled_text__s6,transform_aug
46,8,4.875,9,0.0286,0.0,0.087,1,0.0,0,0,0,0,0,0,injection,instruction_reformulation,garbled_text,delta2,,medical,0,garbled_text,en,clinical_prompt,garbled_text__s6,transform_aug
49,6,7.333,17,0.0244,0.0,0.0612,1,0.0,0,0,0,0,0,0,injection,instruction_reformulation,garbled_text,delta2,,medical,0,garbled_text,en,clinical_prompt,garbled_text__s7,transform_aug
49,4,11.5,21,0.0244,0.0,0.102,1,0.0,0,0,0,0,0,0,injection,instruction_reformulation,garbled_text,delta2,,medical,0,garbled_text,en,clinical_prompt,garbled_text__s7,transform_aug
49,6,7.333,17,0.025,0.0,0.0816,1,0.0,0,0,0,0,0,0,injection,instruction_reformulation,garbled_text,delta2,,medical,0,garbled_text,en,clinical_prompt,garbled_text__s7,transform_aug
57,8,6.25,10,0.0204,0.0,0.0175,1,0.0,0,0,0,0,0,0,injection,natural_language_manipulation,typo_injection,delta2,,medical,0,typo_injection,en,clinical_prompt,typo_injection__s0,transform_aug
57,8,6.25,10,0.0204,0.0,0.0175,1,0.0,0,0,0,0,0,0,injection,natural_language_manipulation,typo_injection,delta2,,medical,0,typo_injection,en,clinical_prompt,typo_injection__s0,transform_aug
57,8,6.25,10,0.0204,0.0,0.0175,1,0.0,0,0,0,0,0,0,injection,natural_language_manipulation,typo_injection,delta2,,medical,0,typo_injection,en,clinical_prompt,typo_injection__s0,transform_aug
47,7,5.857,11,0.025,0.0,0.0213,1,0.0,0,0,0,0,0,0,injection,natural_language_manipulation,typo_injection,delta2,,medical,0,typo_injection,en,clinical_prompt,typo_injection__s1,transform_aug
47,7,5.857,11,0.025,0.0,0.0213,1,0.0,0,0,0,0,0,0,injection,natural_language_manipulation,typo_injection,delta2,,medical,0,typo_injection,en,clinical_prompt,typo_injection__s1,transform_aug
47,7,5.857,11,0.025,0.0,0.0213,1,0.0,0,0,0,0,0,0,injection,natural_language_manipulation,typo_injection,delta2,,medical,0,typo_injection,en,clinical_prompt,typo_injection__s1,transform_aug
52,7,6.571,12,0.0222,0.0,0.0192,1,0.0,0,0,0,0,0,0,injection,natural_language_manipulation,typo_injection,delta2,,medical,0,typo_injection,en,clinical_prompt,typo_injection__s2,transform_aug
52,7,6.571,12,0.0222,0.0,0.0192,1,0.0,0,0,0,0,0,0,injection,natural_language_manipulation,typo_injection,delta2,,medical,0,typo_injection,en,clinical_prompt,typo_injection__s2,transform_aug
52,7,6.571,12,0.0222,0.0,0.0192,1,0.0,0,0,2,0,0,0,injection,natural_language_manipulation,typo_injection,delta2,,medical,0,typo_injection,en,clinical_prompt,typo_injection__s2,transform_aug
46,7,5.714,11,0.0263,0.0,0.0435,1,0.0,0,0,0,0,0,0,injection,natural_language_manipulation,typo_injection,delta2,,medical,0,typo_injection,en,clinical_prompt,typo_injection__s3,transform_aug
46,7,5.714,11,0.0263,0.0,0.0435,1,0.0,0,0,0,0,0,0,injection,natural_language_manipulation,typo_injection,delta2,,medical,0,typo_injection,en,clinical_prompt,typo_injection__s3,transform_aug
46,7,5.714,11,0.0263,0.0,0.0435,1,0.0,0,0,0,0,0,0,injection,natural_language_manipulation,typo_injection,delta2,,medical,0,typo_injection,en,clinical_prompt,typo_injection__s3,transform_aug
46,7,5.714,9,0.0256,0.0,0.0217,1,0.0,0,0,0,0,0,0,injection,natural_language_manipulation,typo_injection,delta2,,medical,0,typo_injection,en,clinical_prompt,typo_injection__s4,transform_aug
46,7,5.714,9,0.0256,0.0,0.0217,1,0.0,0,0,0,0,0,0,injection,natural_language_manipulation,typo_injection,delta2,,medical,0,typo_injection,en,clinical_prompt,typo_injection__s4,transform_aug
46,7,5.714,9,0.0256,0.0,0.0217,1,0.0,0,0,0,0,0,0,injection,natural_language_manipulation,typo_injection,delta2,,medical,0,typo_injection,en,clinical_prompt,typo_injection__s4,transform_aug
41,6,6.0,11,0.0286,0.0,0.0244,1,0.0,0,0,0,0,0,0,injection,natural_language_manipulation,typo_injection,delta2,,medical,0,typo_injection,en,clinical_prompt,typo_injection__s5,transform_aug
41,6,6.0,11,0.0286,0.0,0.0244,1,0.0,0,0,0,0,0,0,injection,natural_language_manipulation,typo_injection,delta2,,medical,0,typo_injection,en,clinical_prompt,typo_injection__s5,transform_aug
41,6,6.0,11,0.0286,0.0,0.0244,1,0.0,0,0,0,0,0,0,injection,natural_language_manipulation,typo_injection,delta2,,medical,0,typo_injection,en,clinical_prompt,typo_injection__s5,transform_aug
46,9,4.222,6,0.027,0.0,0.0217,1,0.0,0,0,0,0,0,0,injection,natural_language_manipulation,typo_injection,delta2,,medical,0,typo_injection,en,clinical_prompt,typo_injection__s6,transform_aug
46,9,4.222,6,0.027,0.0,0.0217,1,0.0,0,0,0,0,0,0,injection,natural_language_manipulation,typo_injection,delta2,,medical,0,typo_injection,en,clinical_prompt,typo_injection__s6,transform_aug
46,9,4.222,6,0.027,0.0,0.0217,1,0.0,0,0,0,0,0,0,injection,natural_language_manipulation,typo_injection,delta2,,medical,0,typo_injection,en,clinical_prompt,typo_injection__s6,transform_aug
49,6,7.333,17,0.0233,0.0,0.0204,1,0.0,0,0,0,0,0,0,injection,natural_language_manipulation,typo_injection,delta2,,medical,0,typo_injection,en,clinical_prompt,typo_injection__s7,transform_aug
49,6,7.333,17,0.0233,0.0,0.0204,1,0.0,0,0,0,0,0,0,injection,natural_language_manipulation,typo_injection,delta2,,medical,0,typo_injection,en,clinical_prompt,typo_injection__s7,transform_aug
49,6,7.333,17,0.0233,0.0,0.0204,1,0.0,0,0,0,0,0,0,injection,natural_language_manipulation,typo_injection,delta2,,medical,0,typo_injection,en,clinical_prompt,typo_injection__s7,transform_aug
73,8,8.25,12,0.0152,0.0,0.0,1,0.0,0,0,0,0,0,0,injection,natural_language_manipulation,pig_latin_transformation,delta2,,medical,0,pig_latin_transformation,en,clinical_prompt,pig_latin_transformation__s0,transform_aug
73,8,8.25,12,0.0152,0.0,0.0,1,0.0,0,0,0,0,0,0,injection,natural_language_manipulation,pig_latin_transformation,delta2,,medical,0,pig_latin_transformation,en,clinical_prompt,pig_latin_transformation__s0,transform_aug
73,8,8.25,12,0.0152,0.0,0.0,1,0.0,0,0,0,0,0,0,injection,natural_language_manipulation,pig_latin_transformation,delta2,,medical,0,pig_latin_transformation,en,clinical_prompt,pig_latin_transformation__s0,transform_aug
61,7,7.857,13,0.0182,0.0,0.0,1,0.0,0,0,0,0,0,0,injection,natural_language_manipulation,pig_latin_transformation,delta2,,medical,0,pig_latin_transformation,en,clinical_prompt,pig_latin_transformation__s1,transform_aug
61,7,7.857,13,0.0182,0.0,0.0,1,0.0,0,0,0,0,0,0,injection,natural_language_manipulation,pig_latin_transformation,delta2,,medical,0,pig_latin_transformation,en,clinical_prompt,pig_latin_transformation__s1,transform_aug
61,7,7.857,13,0.0182,0.0,0.0,1,0.0,0,0,0,0,0,0,injection,natural_language_manipulation,pig_latin_transformation,delta2,,medical,0,pig_latin_transformation,en,clinical_prompt,pig_latin_transformation__s1,transform_aug
66,7,8.571,15,0.0167,0.0,0.0,1,0.0,0,0,2,0,0,0,injection,natural_language_manipulation,pig_latin_transformation,delta2,,medical,0,pig_latin_transformation,en,clinical_prompt,pig_latin_transformation__s2,transform_aug
66,7,8.571,15,0.0167,0.0,0.0,1,0.0,0,0,2,0,0,0,injection,natural_language_manipulation,pig_latin_transformation,delta2,,medical,0,pig_latin_transformation,en,clinical_prompt,pig_latin_transformation__s2,transform_aug
66,7,8.571,15,0.0167,0.0,0.0,1,0.0,0,0,2,0,0,0,injection,natural_language_manipulation,pig_latin_transformation,delta2,,medical,0,pig_latin_transformation,en,clinical_prompt,pig_latin_transformation__s2,transform_aug
61,7,7.857,14,0.0182,0.0,0.0,1,0.0,0,0,0,0,0,0,injection,natural_language_manipulation,pig_latin_transformation,delta2,,medical,0,pig_latin_transformation,en,clinical_prompt,pig_latin_transformation__s3,transform_aug
61,7,7.857,14,0.0182,0.0,0.0,1,0.0,0,0,0,0,0,0,injection,natural_language_manipulation,pig_latin_transformation,delta2,,medical,0,pig_latin_transformation,en,clinical_prompt,pig_latin_transformation__s3,transform_aug
61,7,7.857,14,0.0182,0.0,0.0,1,0.0,0,0,0,0,0,0,injection,natural_language_manipulation,pig_latin_transformation,delta2,,medical,0,pig_latin_transformation,en,clinical_prompt,pig_latin_transformation__s3,transform_aug
60,7,7.714,11,0.0185,0.0,0.0,1,0.0,0,0,0,0,0,0,injection,natural_language_manipulation,pig_latin_transformation,delta2,,medical,0,pig_latin_transformation,en,clinical_prompt,pig_latin_transformation__s4,transform_aug
60,7,7.714,11,0.0185,0.0,0.0,1,0.0,0,0,0,0,0,0,injection,natural_language_manipulation,pig_latin_transformation,delta2,,medical,0,pig_latin_transformation,en,clinical_prompt,pig_latin_transformation__s4,transform_aug
60,7,7.714,11,0.0185,0.0,0.0,1,0.0,0,0,0,0,0,0,injection,natural_language_manipulation,pig_latin_transformation,delta2,,medical,0,pig_latin_transformation,en,clinical_prompt,pig_latin_transformation__s4,transform_aug
53,6,8.0,12,0.0208,0.0,0.0,1,0.0,0,0,0,0,0,0,injection,natural_language_manipulation,pig_latin_transformation,delta2,,medical,0,pig_latin_transformation,en,clinical_prompt,pig_latin_transformation__s5,transform_aug
53,6,8.0,12,0.0208,0.0,0.0,1,0.0,0,0,0,0,0,0,injection,natural_language_manipulation,pig_latin_transformation,delta2,,medical,0,pig_latin_transformation,en,clinical_prompt,pig_latin_transformation__s5,transform_aug
53,6,8.0,12,0.0208,0.0,0.0,1,0.0,0,0,0,0,0,0,injection,natural_language_manipulation,pig_latin_transformation,delta2,,medical,0,pig_latin_transformation,en,clinical_prompt,pig_latin_transformation__s5,transform_aug
64,9,6.222,9,0.0179,0.0,0.0,1,0.0,0,0,0,0,0,0,injection,natural_language_manipulation,pig_latin_transformation,delta2,,medical,0,pig_latin_transformation,en,clinical_prompt,pig_latin_transformation__s6,transform_aug
64,9,6.222,9,0.0179,0.0,0.0,1,0.0,0,0,0,0,0,0,injection,natural_language_manipulation,pig_latin_transformation,delta2,,medical,0,pig_latin_transformation,en,clinical_prompt,pig_latin_transformation__s6,transform_aug
64,9,6.222,9,0.0179,0.0,0.0,1,0.0,0,0,0,0,0,0,injection,natural_language_manipulation,pig_latin_transformation,delta2,,medical,0,pig_latin_transformation,en,clinical_prompt,pig_latin_transformation__s6,transform_aug
61,6,9.333,19,0.0179,0.0,0.0,1,0.0,0,0,0,0,0,0,injection,natural_language_manipulation,pig_latin_transformation,delta2,,medical,0,pig_latin_transformation,en,clinical_prompt,pig_latin_transformation__s7,transform_aug
61,6,9.333,19,0.0179,0.0,0.0,1,0.0,0,0,0,0,0,0,injection,natural_language_manipulation,pig_latin_transformation,delta2,,medical,0,pig_latin_transformation,en,clinical_prompt,pig_latin_transformation__s7,transform_aug
61,6,9.333,19,0.0179,0.0,0.0,1,0.0,0,0,0,0,0,0,injection,natural_language_manipulation,pig_latin_transformation,delta2,,medical,0,pig_latin_transformation,en,clinical_prompt,pig_latin_transformation__s7,transform_aug
48,8,5.125,8,0.025,0.0,0.0208,1,0.0,0,0,0,0,0,0,injection,instruction_reformulation,orthographic_manipulation,delta2,,medical,0,orthographic_manipulation,en,clinical_prompt,orthographic_manipulation__s0,transform_aug
46,8,4.875,8,0.0263,0.0,0.0217,1,0.0,0,0,0,0,0,0,injection,instruction_reformulation,orthographic_manipulation,delta2,,medical,0,orthographic_manipulation,en,clinical_prompt,orthographic_manipulation__s0,transform_aug
50,8,5.375,9,0.0238,0.0,0.02,1,0.0,0,0,0,0,0,0,injection,instruction_reformulation,orthographic_manipulation,delta2,,medical,0,orthographic_manipulation,en,clinical_prompt,orthographic_manipulation__s0,transform_aug
38,7,4.571,7,0.0323,0.0,0.0263,1,0.0,0,0,0,0,0,0,injection,instruction_reformulation,orthographic_manipulation,delta2,,medical,0,orthographic_manipulation,en,clinical_prompt,orthographic_manipulation__s1,transform_aug
40,7,4.857,9,0.0303,0.0,0.025,1,0.0,0,0,0,0,0,0,injection,instruction_reformulation,orthographic_manipulation,delta2,,medical,0,orthographic_manipulation,en,clinical_prompt,orthographic_manipulation__s1,transform_aug
40,7,4.857,7,0.0303,0.0,0.025,1,0.0,0,0,0,0,0,0,injection,instruction_reformulation,orthographic_manipulation,delta2,,medical,0,orthographic_manipulation,en,clinical_prompt,orthographic_manipulation__s1,transform_aug
47,7,5.857,11,0.025,0.0,0.0213,1,0.0,0,0,0,0,0,0,injection,instruction_reformulation,orthographic_manipulation,delta2,,medical,0,orthographic_manipulation,en,clinical_prompt,orthographic_manipulation__s2,transform_aug
46,7,5.714,10,0.0256,0.0,0.0217,1,0.0,0,0,0,0,0,0,injection,instruction_reformulation,orthographic_manipulation,delta2,,medical,0,orthographic_manipulation,en,clinical_prompt,orthographic_manipulation__s2,transform_aug
45,7,5.571,10,0.0263,0.0,0.0222,1,0.0,0,0,0,0,0,0,injection,instruction_reformulation,orthographic_manipulation,delta2,,medical,0,orthographic_manipulation,en,clinical_prompt,orthographic_manipulation__s2,transform_aug
41,6,5.833,10,0.0303,0.0,0.0488,1,0.0,0,0,0,0,0,0,injection,instruction_reformulation,orthographic_manipulation,delta2,,medical,0,orthographic_manipulation,en,clinical_prompt,orthographic_manipulation__s3,transform_aug
38,7,4.571,9,0.0333,0.0,0.0526,1,0.0,0,0,0,0,0,0,injection,instruction_reformulation,orthographic_manipulation,delta2,,medical,0,orthographic_manipulation,en,clinical_prompt,orthographic_manipulation__s3,transform_aug
36,6,5.0,8,0.0357,0.0,0.0556,1,0.0,0,0,0,0,0,0,injection,instruction_reformulation,orthographic_manipulation,delta2,,medical,0,orthographic_manipulation,en,clinical_prompt,orthographic_manipulation__s3,transform_aug
37,7,4.429,8,0.0333,0.0,0.027,1,0.0,0,0,0,0,0,0,injection,instruction_reformulation,orthographic_manipulation,delta2,,medical,0,orthographic_manipulation,en,clinical_prompt,orthographic_manipulation__s4,transform_aug
40,7,4.857,8,0.0303,0.0,0.025,1,0.0,0,0,0,0,0,0,injection,instruction_reformulation,orthographic_manipulation,delta2,,medical,0,orthographic_manipulation,en,clinical_prompt,orthographic_manipulation__s4,transform_aug
39,7,4.714,9,0.0312,0.0,0.0256,1,0.0,0,0,0,0,0,0,injection,instruction_reformulation,orthographic_manipulation,delta2,,medical,0,orthographic_manipulation,en,clinical_prompt,orthographic_manipulation__s4,transform_aug
32,6,4.5,8,0.0385,0.0,0.0312,1,0.0,0,0,0,0,0,0,injection,instruction_reformulation,orthographic_manipulation,delta2,,medical,0,orthographic_manipulation,en,clinical_prompt,orthographic_manipulation__s5,transform_aug
33,5,5.6,9,0.037,0.0,0.0303,1,0.0,0,0,0,0,0,0,injection,instruction_reformulation,orthographic_manipulation,delta2,,medical,0,orthographic_manipulation,en,clinical_prompt,orthographic_manipulation__s5,transform_aug
37,5,6.4,10,0.0323,0.0,0.027,1,0.0,0,0,0,0,0,0,injection,instruction_reformulation,orthographic_manipulation,delta2,,medical,0,orthographic_manipulation,en,clinical_prompt,orthographic_manipulation__s5,transform_aug
38,9,3.333,5,0.0345,0.0,0.0263,1,0.0,0,0,0,0,0,0,injection,instruction_reformulation,orthographic_manipulation,delta2,,medical,0,orthographic_manipulation,en,clinical_prompt,orthographic_manipulation__s6,transform_aug
41,9,3.667,6,0.0,0.0,0.0244,1,0.0,0,0,0,0,0,0,injection,instruction_reformulation,orthographic_manipulation,delta2,,medical,0,orthographic_manipulation,en,clinical_prompt,orthographic_manipulation__s6,transform_aug
37,9,3.222,6,0.0,0.0,0.027,1,0.0,0,0,0,0,0,0,injection,instruction_reformulation,orthographic_manipulation,delta2,,medical,0,orthographic_manipulation,en,clinical_prompt,orthographic_manipulation__s6,transform_aug
39,6,5.667,12,0.0303,0.0,0.0256,1,0.0,0,0,0,0,0,0,injection,instruction_reformulation,orthographic_manipulation,delta2,,medical,0,orthographic_manipulation,en,clinical_prompt,orthographic_manipulation__s7,transform_aug
41,6,6.0,12,0.0,0.0,0.0244,1,0.0,0,0,0,0,0,0,injection,instruction_reformulation,orthographic_manipulation,delta2,,medical,0,orthographic_manipulation,en,clinical_prompt,orthographic_manipulation__s7,transform_aug
41,6,6.0,13,0.0,0.0,0.0244,1,0.0,0,0,0,0,0,0,injection,instruction_reformulation,orthographic_manipulation,delta2,,medical,0,orthographic_manipulation,en,clinical_prompt,orthographic_manipulation__s7,transform_aug
56,8,6.125,9,0.0,0.0,0.0179,1,0.0,0,0,0,0,0,0,injection,instruction_reformulation,phonetic_respelling,delta2,,medical,0,phonetic_respelling,en,clinical_prompt,phonetic_respelling__s0,transform_aug
56,8,6.125,9,0.0,0.0,0.0179,1,0.0,0,0,0,0,0,0,injection,instruction_reformulation,phonetic_respelling,delta2,,medical,0,phonetic_respelling,en,clinical_prompt,phonetic_respelling__s0,transform_aug
56,8,6.125,9,0.0,0.0,0.0179,1,0.0,0,0,0,0,0,0,injection,instruction_reformulation,phonetic_respelling,delta2,,medical,0,phonetic_respelling,en,clinical_prompt,phonetic_respelling__s0,transform_aug
47,7,5.857,11,0.0,0.0,0.0213,1,0.0,0,0,0,0,0,0,injection,instruction_reformulation,phonetic_respelling,delta2,,medical,0,phonetic_respelling,en,clinical_prompt,phonetic_respelling__s1,transform_aug
47,7,5.857,11,0.0,0.0,0.0213,1,0.0,0,0,0,0,0,0,injection,instruction_reformulation,phonetic_respelling,delta2,,medical,0,phonetic_respelling,en,clinical_prompt,phonetic_respelling__s1,transform_aug
47,7,5.857,11,0.0,0.0,0.0213,1,0.0,0,0,0,0,0,0,injection,instruction_reformulation,phonetic_respelling,delta2,,medical,0,phonetic_respelling,en,clinical_prompt,phonetic_respelling__s1,transform_aug
52,7,6.571,12,0.0,0.0,0.0192,1,0.0,0,0,0,0,0,0,injection,instruction_reformulation,phonetic_respelling,delta2,,medical,0,phonetic_respelling,en,clinical_prompt,phonetic_respelling__s2,transform_aug
52,7,6.571,12,0.0,0.0,0.0192,1,0.0,0,0,0,0,0,0,injection,instruction_reformulation,phonetic_respelling,delta2,,medical,0,phonetic_respelling,en,clinical_prompt,phonetic_respelling__s2,transform_aug
52,7,6.571,12,0.0,0.0,0.0192,1,0.0,0,0,0,0,0,0,injection,instruction_reformulation,phonetic_respelling,delta2,,medical,0,phonetic_respelling,en,clinical_prompt,phonetic_respelling__s2,transform_aug
46,7,5.714,11,0.0,0.0,0.0435,1,0.0,0,0,0,0,0,0,injection,instruction_reformulation,phonetic_respelling,delta2,,medical,0,phonetic_respelling,en,clinical_prompt,phonetic_respelling__s3,transform_aug
46,7,5.714,11,0.0,0.0,0.0435,1,0.0,0,0,0,0,0,0,injection,instruction_reformulation,phonetic_respelling,delta2,,medical,0,phonetic_respelling,en,clinical_prompt,phonetic_respelling__s3,transform_aug
46,7,5.714,11,0.0,0.0,0.0435,1,0.0,0,0,0,0,0,0,injection,instruction_reformulation,phonetic_respelling,delta2,,medical,0,phonetic_respelling,en,clinical_prompt,phonetic_respelling__s3,transform_aug
46,7,5.714,9,0.0,0.0,0.0217,1,0.0,0,0,0,0,0,0,injection,instruction_reformulation,phonetic_respelling,delta2,,medical,0,phonetic_respelling,en,clinical_prompt,phonetic_respelling__s4,transform_aug
46,7,5.714,9,0.0,0.0,0.0217,1,0.0,0,0,0,0,0,0,injection,instruction_reformulation,phonetic_respelling,delta2,,medical,0,phonetic_respelling,en,clinical_prompt,phonetic_respelling__s4,transform_aug
46,7,5.714,9,0.0,0.0,0.0217,1,0.0,0,0,0,0,0,0,injection,instruction_reformulation,phonetic_respelling,delta2,,medical,0,phonetic_respelling,en,clinical_prompt,phonetic_respelling__s4,transform_aug
41,6,6.0,11,0.0,0.0,0.0244,1,0.0,0,0,0,0,0,0,injection,instruction_reformulation,phonetic_respelling,delta2,,medical,0,phonetic_respelling,en,clinical_prompt,phonetic_respelling__s5,transform_aug
41,6,6.0,11,0.0,0.0,0.0244,1,0.0,0,0,0,0,0,0,injection,instruction_reformulation,phonetic_respelling,delta2,,medical,0,phonetic_respelling,en,clinical_prompt,phonetic_respelling__s5,transform_aug
41,6,6.0,11,0.0,0.0,0.0244,1,0.0,0,0,0,0,0,0,injection,instruction_reformulation,phonetic_respelling,delta2,,medical,0,phonetic_respelling,en,clinical_prompt,phonetic_respelling__s5,transform_aug
46,9,4.222,6,0.0,0.0,0.0217,1,0.0,0,0,0,0,0,0,injection,instruction_reformulation,phonetic_respelling,delta2,,medical,0,phonetic_respelling,en,clinical_prompt,phonetic_respelling__s6,transform_aug
46,9,4.222,6,0.0,0.0,0.0217,1,0.0,0,0,0,0,0,0,injection,instruction_reformulation,phonetic_respelling,delta2,,medical,0,phonetic_respelling,en,clinical_prompt,phonetic_respelling__s6,transform_aug
46,9,4.222,6,0.0,0.0,0.0217,1,0.0,0,0,0,0,0,0,injection,instruction_reformulation,phonetic_respelling,delta2,,medical,0,phonetic_respelling,en,clinical_prompt,phonetic_respelling__s6,transform_aug
48,5,8.8,20,0.0,0.0,0.0208,1,0.0,0,0,0,0,0,0,injection,instruction_reformulation,phonetic_respelling,delta2,,medical,0,phonetic_respelling,en,clinical_prompt,phonetic_respelling__s7,transform_aug
48,5,8.8,20,0.0,0.0,0.0208,1,0.0,0,0,0,0,0,0,injection,instruction_reformulation,phonetic_respelling,delta2,,medical,0,phonetic_respelling,en,clinical_prompt,phonetic_respelling__s7,transform_aug
48,5,8.8,20,0.0,0.0,0.0208,1,0.0,0,0,0,0,0,0,injection,instruction_reformulation,phonetic_respelling,delta2,,medical,0,phonetic_respelling,en,clinical_prompt,phonetic_respelling__s7,transform_aug
55,8,6.0,10,0.0,0.0182,0.0182,1,0.0,0,0,0,0,0,0,injection,instruction_reformulation,phonetic_manipulation,delta2,,medical,0,phonetic_manipulation,en,clinical_prompt,phonetic_manipulation__s0,transform_aug
55,8,6.0,10,0.0,0.0182,0.0182,1,0.0,0,0,0,0,0,0,injection,instruction_reformulation,phonetic_manipulation,delta2,,medical,0,phonetic_manipulation,en,clinical_prompt,phonetic_manipulation__s0,transform_aug
55,8,6.0,10,0.0,0.0182,0.0182,1,0.0,0,0,0,0,0,0,injection,instruction_reformulation,phonetic_manipulation,delta2,,medical,0,phonetic_manipulation,en,clinical_prompt,phonetic_manipulation__s0,transform_aug
47,7,5.857,11,0.0,0.0,0.0213,1,0.0,0,0,0,0,0,0,injection,instruction_reformulation,phonetic_manipulation,delta2,,medical,0,phonetic_manipulation,en,clinical_prompt,phonetic_manipulation__s1,transform_aug
47,7,5.857,11,0.0,0.0,0.0213,1,0.0,0,0,0,0,0,0,injection,instruction_reformulation,phonetic_manipulation,delta2,,medical,0,phonetic_manipulation,en,clinical_prompt,phonetic_manipulation__s1,transform_aug
47,7,5.857,11,0.0,0.0,0.0213,1,0.0,0,0,0,0,0,0,injection,instruction_reformulation,phonetic_manipulation,delta2,,medical,0,phonetic_manipulation,en,clinical_prompt,phonetic_manipulation__s1,transform_aug
50,7,6.286,12,0.0,0.02,0.02,1,0.0,0,0,2,0,0,0,injection,instruction_reformulation,phonetic_manipulation,delta2,,medical,0,phonetic_manipulation,en,clinical_prompt,phonetic_manipulation__s2,transform_aug
50,7,6.286,12,0.0,0.02,0.02,1,0.0,0,0,2,0,0,0,injection,instruction_reformulation,phonetic_manipulation,delta2,,medical,0,phonetic_manipulation,en,clinical_prompt,phonetic_manipulation__s2,transform_aug
50,7,6.286,12,0.0,0.02,0.02,1,0.0,0,0,2,0,0,0,injection,instruction_reformulation,phonetic_manipulation,delta2,,medical,0,phonetic_manipulation,en,clinical_prompt,phonetic_manipulation__s2,transform_aug
46,7,5.714,11,0.0,0.0,0.0435,1,0.0,0,0,0,0,0,0,injection,instruction_reformulation,phonetic_manipulation,delta2,,medical,0,phonetic_manipulation,en,clinical_prompt,phonetic_manipulation__s3,transform_aug
46,7,5.714,11,0.0,0.0,0.0435,1,0.0,0,0,0,0,0,0,injection,instruction_reformulation,phonetic_manipulation,delta2,,medical,0,phonetic_manipulation,en,clinical_prompt,phonetic_manipulation__s3,transform_aug
46,7,5.714,11,0.0,0.0,0.0435,1,0.0,0,0,0,0,0,0,injection,instruction_reformulation,phonetic_manipulation,delta2,,medical,0,phonetic_manipulation,en,clinical_prompt,phonetic_manipulation__s3,transform_aug
45,7,5.571,9,0.0,0.0222,0.0222,1,0.0,0,0,0,0,0,0,injection,instruction_reformulation,phonetic_manipulation,delta2,,medical,0,phonetic_manipulation,en,clinical_prompt,phonetic_manipulation__s4,transform_aug
45,7,5.571,9,0.0,0.0222,0.0222,1,0.0,0,0,0,0,0,0,injection,instruction_reformulation,phonetic_manipulation,delta2,,medical,0,phonetic_manipulation,en,clinical_prompt,phonetic_manipulation__s4,transform_aug
45,7,5.571,9,0.0,0.0222,0.0222,1,0.0,0,0,0,0,0,0,injection,instruction_reformulation,phonetic_manipulation,delta2,,medical,0,phonetic_manipulation,en,clinical_prompt,phonetic_manipulation__s4,transform_aug
40,6,5.833,11,0.0,0.025,0.025,1,0.0,0,0,0,0,0,0,injection,instruction_reformulation,phonetic_manipulation,delta2,,medical,0,phonetic_manipulation,en,clinical_prompt,phonetic_manipulation__s5,transform_aug
40,6,5.833,11,0.0,0.025,0.025,1,0.0,0,0,0,0,0,0,injection,instruction_reformulation,phonetic_manipulation,delta2,,medical,0,phonetic_manipulation,en,clinical_prompt,phonetic_manipulation__s5,transform_aug
40,6,5.833,11,0.0,0.025,0.025,1,0.0,0,0,0,0,0,0,injection,instruction_reformulation,phonetic_manipulation,delta2,,medical,0,phonetic_manipulation,en,clinical_prompt,phonetic_manipulation__s5,transform_aug
44,9,4.0,6,0.0,0.0,0.0227,1,0.0,0,0,0,0,0,0,injection,instruction_reformulation,phonetic_manipulation,delta2,,medical,0,phonetic_manipulation,en,clinical_prompt,phonetic_manipulation__s6,transform_aug
44,9,4.0,6,0.0,0.0,0.0227,1,0.0,0,0,0,0,0,0,injection,instruction_reformulation,phonetic_manipulation,delta2,,medical,0,phonetic_manipulation,en,clinical_prompt,phonetic_manipulation__s6,transform_aug
44,9,4.0,6,0.0,0.0,0.0227,1,0.0,0,0,0,0,0,0,injection,instruction_reformulation,phonetic_manipulation,delta2,,medical,0,phonetic_manipulation,en,clinical_prompt,phonetic_manipulation__s6,transform_aug
47,6,7.0,17,0.0,0.0213,0.0213,1,0.0,0,0,0,0,0,0,injection,instruction_reformulation,phonetic_manipulation,delta2,,medical,0,phonetic_manipulation,en,clinical_prompt,phonetic_manipulation__s7,transform_aug
47,6,7.0,17,0.0,0.0213,0.0213,1,0.0,0,0,0,0,0,0,injection,instruction_reformulation,phonetic_manipulation,delta2,,medical,0,phonetic_manipulation,en,clinical_prompt,phonetic_manipulation__s7,transform_aug
47,6,7.0,17,0.0,0.0213,0.0213,1,0.0,0,0,0,0,0,0,injection,instruction_reformulation,phonetic_manipulation,delta2,,medical,0,phonetic_manipulation,en,clinical_prompt,phonetic_manipulation__s7,transform_aug
111,17,5.588,10,0.1075,0.0,0.018,1,0.0,0,0,0,0,0,0,injection,instruction_reformulation,phonetic_alphabet_transcription,delta2,,medical,0,phonetic_alphabet_transcription,en,clinical_prompt,phonetic_alphabet_transcription__s0,transform_aug
111,17,5.588,10,0.1075,0.0,0.018,1,0.0,0,0,0,0,0,0,injection,instruction_reformulation,phonetic_alphabet_transcription,delta2,,medical,0,phonetic_alphabet_transcription,en,clinical_prompt,phonetic_alphabet_transcription__s0,transform_aug
111,17,5.588,10,0.1075,0.0,0.018,1,0.0,0,0,0,0,0,0,injection,instruction_reformulation,phonetic_alphabet_transcription,delta2,,medical,0,phonetic_alphabet_transcription,en,clinical_prompt,phonetic_alphabet_transcription__s0,transform_aug
72,11,5.636,11,0.0833,0.0,0.0278,1,0.0,0,0,0,0,0,0,injection,instruction_reformulation,phonetic_alphabet_transcription,delta2,,medical,0,phonetic_alphabet_transcription,en,clinical_prompt,phonetic_alphabet_transcription__s1,transform_aug
72,11,5.636,11,0.0833,0.0,0.0278,1,0.0,0,0,0,0,0,0,injection,instruction_reformulation,phonetic_alphabet_transcription,delta2,,medical,0,phonetic_alphabet_transcription,en,clinical_prompt,phonetic_alphabet_transcription__s1,transform_aug
72,11,5.636,11,0.0833,0.0,0.0278,1,0.0,0,0,0,0,0,0,injection,instruction_reformulation,phonetic_alphabet_transcription,delta2,,medical,0,phonetic_alphabet_transcription,en,clinical_prompt,phonetic_alphabet_transcription__s1,transform_aug
94,14,5.786,12,0.1013,0.0,0.0213,1,0.0,0,0,2,0,0,0,injection,instruction_reformulation,phonetic_alphabet_transcription,delta2,,medical,0,phonetic_alphabet_transcription,en,clinical_prompt,phonetic_alphabet_transcription__s2,transform_aug
94,14,5.786,12,0.1013,0.0,0.0213,1,0.0,0,0,2,0,0,0,injection,instruction_reformulation,phonetic_alphabet_transcription,delta2,,medical,0,phonetic_alphabet_transcription,en,clinical_prompt,phonetic_alphabet_transcription__s2,transform_aug
94,14,5.786,12,0.1013,0.0,0.0213,1,0.0,0,0,2,0,0,0,injection,instruction_reformulation,phonetic_alphabet_transcription,delta2,,medical,0,phonetic_alphabet_transcription,en,clinical_prompt,phonetic_alphabet_transcription__s2,transform_aug
97,15,5.533,11,0.1125,0.0,0.0309,1,0.0,0,0,0,0,0,0,injection,instruction_reformulation,phonetic_alphabet_transcription,delta2,,medical,0,phonetic_alphabet_transcription,en,clinical_prompt,phonetic_alphabet_transcription__s3,transform_aug
97,15,5.533,11,0.1125,0.0,0.0309,1,0.0,0,0,0,0,0,0,injection,instruction_reformulation,phonetic_alphabet_transcription,delta2,,medical,0,phonetic_alphabet_transcription,en,clinical_prompt,phonetic_alphabet_transcription__s3,transform_aug
97,15,5.533,11,0.1125,0.0,0.0309,1,0.0,0,0,0,0,0,0,injection,instruction_reformulation,phonetic_alphabet_transcription,delta2,,medical,0,phonetic_alphabet_transcription,en,clinical_prompt,phonetic_alphabet_transcription__s3,transform_aug
103,16,5.5,9,0.1163,0.0,0.0194,1,0.0,0,0,0,0,0,0,injection,instruction_reformulation,phonetic_alphabet_transcription,delta2,,medical,0,phonetic_alphabet_transcription,en,clinical_prompt,phonetic_alphabet_transcription__s4,transform_aug
103,16,5.5,9,0.1163,0.0,0.0194,1,0.0,0,0,0,0,0,0,injection,instruction_reformulation,phonetic_alphabet_transcription,delta2,,medical,0,phonetic_alphabet_transcription,en,clinical_prompt,phonetic_alphabet_transcription__s4,transform_aug
103,16,5.5,9,0.1163,0.0,0.0194,1,0.0,0,0,0,0,0,0,injection,instruction_reformulation,phonetic_alphabet_transcription,delta2,,medical,0,phonetic_alphabet_transcription,en,clinical_prompt,phonetic_alphabet_transcription__s4,transform_aug
89,14,5.429,11,0.1216,0.0,0.0225,1,0.0,0,0,0,0,0,0,injection,instruction_reformulation,phonetic_alphabet_transcription,delta2,,medical,0,phonetic_alphabet_transcription,en,clinical_prompt,phonetic_alphabet_transcription__s5,transform_aug
89,14,5.429,11,0.1216,0.0,0.0225,1,0.0,0,0,0,0,0,0,injection,instruction_reformulation,phonetic_alphabet_transcription,delta2,,medical,0,phonetic_alphabet_transcription,en,clinical_prompt,phonetic_alphabet_transcription__s5,transform_aug
89,14,5.429,11,0.1216,0.0,0.0225,1,0.0,0,0,0,0,0,0,injection,instruction_reformulation,phonetic_alphabet_transcription,delta2,,medical,0,phonetic_alphabet_transcription,en,clinical_prompt,phonetic_alphabet_transcription__s5,transform_aug
83,15,4.6,7,0.1045,0.0,0.0241,1,0.0,0,0,0,0,0,0,injection,instruction_reformulation,phonetic_alphabet_transcription,delta2,,medical,0,phonetic_alphabet_transcription,en,clinical_prompt,phonetic_alphabet_transcription__s6,transform_aug
83,15,4.6,7,0.1045,0.0,0.0241,1,0.0,0,0,0,0,0,0,injection,instruction_reformulation,phonetic_alphabet_transcription,delta2,,medical,0,phonetic_alphabet_transcription,en,clinical_prompt,phonetic_alphabet_transcription__s6,transform_aug
83,15,4.6,7,0.1045,0.0,0.0241,1,0.0,0,0,0,0,0,0,injection,instruction_reformulation,phonetic_alphabet_transcription,delta2,,medical,0,phonetic_alphabet_transcription,en,clinical_prompt,phonetic_alphabet_transcription__s6,transform_aug
91,13,6.077,17,0.1039,0.0,0.022,1,0.0,0,0,0,0,0,0,injection,instruction_reformulation,phonetic_alphabet_transcription,delta2,,medical,0,phonetic_alphabet_transcription,en,clinical_prompt,phonetic_alphabet_transcription__s7,transform_aug
91,13,6.077,17,0.1039,0.0,0.022,1,0.0,0,0,0,0,0,0,injection,instruction_reformulation,phonetic_alphabet_transcription,delta2,,medical,0,phonetic_alphabet_transcription,en,clinical_prompt,phonetic_alphabet_transcription__s7,transform_aug
91,13,6.077,17,0.1039,0.0,0.022,1,0.0,0,0,0,0,0,0,injection,instruction_reformulation,phonetic_alphabet_transcription,delta2,,medical,0,phonetic_alphabet_transcription,en,clinical_prompt,phonetic_alphabet_transcription__s7,transform_aug
51,8,5.5,10,0.0,0.0,0.0196,1,0.0,0,0,0,0,0,0,injection,natural_language_manipulation,common_synonym_substitution,delta2,,medical,0,common_synonym_substitution,en,clinical_prompt,common_synonym_substitution__s0,transform_aug
51,8,5.5,10,0.0,0.0,0.0196,1,0.0,0,0,0,0,0,0,injection,natural_language_manipulation,common_synonym_substitution,delta2,,medical,0,common_synonym_substitution,en,clinical_prompt,common_synonym_substitution__s0,transform_aug
51,8,5.5,10,0.0,0.0,0.0196,1,0.0,0,0,0,0,0,0,injection,natural_language_manipulation,common_synonym_substitution,delta2,,medical,0,common_synonym_substitution,en,clinical_prompt,common_synonym_substitution__s0,transform_aug
52,7,6.571,11,0.0,0.0,0.0192,1,0.0,0,0,0,0,0,0,injection,natural_language_manipulation,common_synonym_substitution,delta2,,medical,0,common_synonym_substitution,en,clinical_prompt,common_synonym_substitution__s1,transform_aug
52,7,6.571,11,0.0,0.0,0.0192,1,0.0,0,0,0,0,0,0,injection,natural_language_manipulation,common_synonym_substitution,delta2,,medical,0,common_synonym_substitution,en,clinical_prompt,common_synonym_substitution__s1,transform_aug
52,7,6.571,11,0.0,0.0,0.0192,1,0.0,0,0,0,0,0,0,injection,natural_language_manipulation,common_synonym_substitution,delta2,,medical,0,common_synonym_substitution,en,clinical_prompt,common_synonym_substitution__s1,transform_aug
43,7,5.286,10,0.0,0.0,0.0,1,0.0,0,0,0,0,0,0,injection,natural_language_manipulation,common_synonym_substitution,delta2,,medical,0,common_synonym_substitution,en,clinical_prompt,common_synonym_substitution__s2,transform_aug
43,7,5.286,10,0.0,0.0,0.0,1,0.0,0,0,0,0,0,0,injection,natural_language_manipulation,common_synonym_substitution,delta2,,medical,0,common_synonym_substitution,en,clinical_prompt,common_synonym_substitution__s2,transform_aug
43,7,5.286,10,0.0,0.0,0.0,1,0.0,0,0,0,0,0,0,injection,natural_language_manipulation,common_synonym_substitution,delta2,,medical,0,common_synonym_substitution,en,clinical_prompt,common_synonym_substitution__s2,transform_aug
45,7,5.571,11,0.0,0.0,0.0444,1,0.0,0,0,0,0,0,0,injection,natural_language_manipulation,common_synonym_substitution,delta2,,medical,0,common_synonym_substitution,en,clinical_prompt,common_synonym_substitution__s3,transform_aug
45,7,5.571,11,0.0,0.0,0.0444,1,0.0,0,0,0,0,0,0,injection,natural_language_manipulation,common_synonym_substitution,delta2,,medical,0,common_synonym_substitution,en,clinical_prompt,common_synonym_substitution__s3,transform_aug
45,7,5.571,11,0.0,0.0,0.0444,1,0.0,0,0,0,0,0,0,injection,natural_language_manipulation,common_synonym_substitution,delta2,,medical,0,common_synonym_substitution,en,clinical_prompt,common_synonym_substitution__s3,transform_aug
47,7,5.857,9,0.025,0.0,0.0213,1,0.0,0,0,0,0,0,0,injection,natural_language_manipulation,common_synonym_substitution,delta2,,medical,0,common_synonym_substitution,en,clinical_prompt,common_synonym_substitution__s4,transform_aug
47,7,5.857,9,0.025,0.0,0.0213,1,0.0,0,0,0,0,0,0,injection,natural_language_manipulation,common_synonym_substitution,delta2,,medical,0,common_synonym_substitution,en,clinical_prompt,common_synonym_substitution__s4,transform_aug
47,7,5.857,9,0.025,0.0,0.0213,1,0.0,0,0,0,0,0,0,injection,natural_language_manipulation,common_synonym_substitution,delta2,,medical,0,common_synonym_substitution,en,clinical_prompt,common_synonym_substitution__s4,transform_aug
40,6,5.833,11,0.0,0.0,0.025,1,0.0,0,0,0,0,0,0,injection,natural_language_manipulation,common_synonym_substitution,delta2,,medical,0,common_synonym_substitution,en,clinical_prompt,common_synonym_substitution__s5,transform_aug
40,6,5.833,11,0.0,0.0,0.025,1,0.0,0,0,0,0,0,0,injection,natural_language_manipulation,common_synonym_substitution,delta2,,medical,0,common_synonym_substitution,en,clinical_prompt,common_synonym_substitution__s5,transform_aug
40,6,5.833,11,0.0,0.0,0.025,1,0.0,0,0,0,0,0,0,injection,natural_language_manipulation,common_synonym_substitution,delta2,,medical,0,common_synonym_substitution,en,clinical_prompt,common_synonym_substitution__s5,transform_aug
46,9,4.222,6,0.0,0.0,0.0217,1,0.0,0,0,0,0,0,0,injection,natural_language_manipulation,common_synonym_substitution,delta2,,medical,0,common_synonym_substitution,en,clinical_prompt,common_synonym_substitution__s6,transform_aug
46,9,4.222,6,0.0,0.0,0.0217,1,0.0,0,0,0,0,0,0,injection,natural_language_manipulation,common_synonym_substitution,delta2,,medical,0,common_synonym_substitution,en,clinical_prompt,common_synonym_substitution__s6,transform_aug
46,9,4.222,6,0.0,0.0,0.0217,1,0.0,0,0,0,0,0,0,injection,natural_language_manipulation,common_synonym_substitution,delta2,,medical,0,common_synonym_substitution,en,clinical_prompt,common_synonym_substitution__s6,transform_aug
46,6,6.833,17,0.0,0.0,0.0,1,0.0,0,0,0,0,0,0,injection,natural_language_manipulation,common_synonym_substitution,delta2,,medical,0,common_synonym_substitution,en,clinical_prompt,common_synonym_substitution__s7,transform_aug
46,6,6.833,17,0.0,0.0,0.0,1,0.0,0,0,0,0,0,0,injection,natural_language_manipulation,common_synonym_substitution,delta2,,medical,0,common_synonym_substitution,en,clinical_prompt,common_synonym_substitution__s7,transform_aug
46,6,6.833,17,0.0,0.0,0.0,1,0.0,0,0,0,0,0,0,injection,natural_language_manipulation,common_synonym_substitution,delta2,,medical,0,common_synonym_substitution,en,clinical_prompt,common_synonym_substitution__s7,transform_aug
57,8,6.25,10,0.0204,0.0,0.0175,1,0.0,0,0,0,0,0,0,injection,natural_language_manipulation,intra_sentence_reordering,delta2,,medical,0,intra_sentence_reordering,en,clinical_prompt,intra_sentence_reordering__s0,transform_aug
57,8,6.25,10,0.0204,0.0,0.0175,1,0.0,0,0,0,0,0,0,injection,natural_language_manipulation,intra_sentence_reordering,delta2,,medical,0,intra_sentence_reordering,en,clinical_prompt,intra_sentence_reordering__s0,transform_aug
57,8,6.25,9,0.0204,0.0,0.0175,1,0.0,0,0,0,0,0,0,injection,natural_language_manipulation,intra_sentence_reordering,delta2,,medical,0,intra_sentence_reordering,en,clinical_prompt,intra_sentence_reordering__s0,transform_aug
47,7,5.857,11,0.025,0.0,0.0213,1,0.0,0,0,0,0,0,0,injection,natural_language_manipulation,intra_sentence_reordering,delta2,,medical,0,intra_sentence_reordering,en,clinical_prompt,intra_sentence_reordering__s1,transform_aug
47,7,5.857,11,0.025,0.0,0.0213,1,0.0,0,0,0,0,0,0,injection,natural_language_manipulation,intra_sentence_reordering,delta2,,medical,0,intra_sentence_reordering,en,clinical_prompt,intra_sentence_reordering__s1,transform_aug
47,7,5.857,12,0.025,0.0,0.0213,1,0.0,0,0,0,0,0,0,injection,natural_language_manipulation,intra_sentence_reordering,delta2,,medical,0,intra_sentence_reordering,en,clinical_prompt,intra_sentence_reordering__s1,transform_aug
52,7,6.571,12,0.0222,0.0,0.0192,1,0.0,0,0,2,0,0,0,injection,natural_language_manipulation,intra_sentence_reordering,delta2,,medical,0,intra_sentence_reordering,en,clinical_prompt,intra_sentence_reordering__s2,transform_aug
52,7,6.571,12,0.0222,0.0,0.0192,1,0.0,0,0,2,0,0,0,injection,natural_language_manipulation,intra_sentence_reordering,delta2,,medical,0,intra_sentence_reordering,en,clinical_prompt,intra_sentence_reordering__s2,transform_aug
52,7,6.571,12,0.0222,0.0,0.0192,1,0.0,0,0,2,0,0,0,injection,natural_language_manipulation,intra_sentence_reordering,delta2,,medical,0,intra_sentence_reordering,en,clinical_prompt,intra_sentence_reordering__s2,transform_aug
46,7,5.714,11,0.0263,0.0,0.0435,1,0.0,0,0,0,0,0,0,injection,natural_language_manipulation,intra_sentence_reordering,delta2,,medical,0,intra_sentence_reordering,en,clinical_prompt,intra_sentence_reordering__s3,transform_aug
46,7,5.714,11,0.0263,0.0,0.0435,1,0.0,0,0,0,0,0,0,injection,natural_language_manipulation,intra_sentence_reordering,delta2,,medical,0,intra_sentence_reordering,en,clinical_prompt,intra_sentence_reordering__s3,transform_aug
46,7,5.714,11,0.0263,0.0,0.0435,1,0.0,0,0,0,0,0,0,injection,natural_language_manipulation,intra_sentence_reordering,delta2,,medical,0,intra_sentence_reordering,en,clinical_prompt,intra_sentence_reordering__s3,transform_aug
46,7,5.714,9,0.0256,0.0,0.0217,1,0.0,0,0,0,0,0,0,injection,natural_language_manipulation,intra_sentence_reordering,delta2,,medical,0,intra_sentence_reordering,en,clinical_prompt,intra_sentence_reordering__s4,transform_aug
46,7,5.714,10,0.0256,0.0,0.0217,1,0.0,0,0,0,0,0,0,injection,natural_language_manipulation,intra_sentence_reordering,delta2,,medical,0,intra_sentence_reordering,en,clinical_prompt,intra_sentence_reordering__s4,transform_aug
46,7,5.714,9,0.0256,0.0,0.0217,1,0.0,0,0,0,0,0,0,injection,natural_language_manipulation,intra_sentence_reordering,delta2,,medical,0,intra_sentence_reordering,en,clinical_prompt,intra_sentence_reordering__s4,transform_aug
41,6,6.0,10,0.0286,0.0,0.0244,1,0.0,0,0,0,0,0,0,injection,natural_language_manipulation,intra_sentence_reordering,delta2,,medical,0,intra_sentence_reordering,en,clinical_prompt,intra_sentence_reordering__s5,transform_aug
41,6,6.0,10,0.0286,0.0,0.0244,1,0.0,0,0,0,0,0,0,injection,natural_language_manipulation,intra_sentence_reordering,delta2,,medical,0,intra_sentence_reordering,en,clinical_prompt,intra_sentence_reordering__s5,transform_aug
41,6,6.0,11,0.0286,0.0,0.0244,1,0.0,0,0,0,0,0,0,injection,natural_language_manipulation,intra_sentence_reordering,delta2,,medical,0,intra_sentence_reordering,en,clinical_prompt,intra_sentence_reordering__s5,transform_aug
46,9,4.222,7,0.027,0.0,0.0217,1,0.0,0,0,0,0,0,0,injection,natural_language_manipulation,intra_sentence_reordering,delta2,,medical,0,intra_sentence_reordering,en,clinical_prompt,intra_sentence_reordering__s6,transform_aug
46,9,4.222,6,0.027,0.0,0.0217,1,0.0,0,0,0,0,0,0,injection,natural_language_manipulation,intra_sentence_reordering,delta2,,medical,0,intra_sentence_reordering,en,clinical_prompt,intra_sentence_reordering__s6,transform_aug
46,9,4.222,6,0.027,0.0,0.0217,1,0.0,0,0,0,0,0,0,injection,natural_language_manipulation,intra_sentence_reordering,delta2,,medical,0,intra_sentence_reordering,en,clinical_prompt,intra_sentence_reordering__s6,transform_aug
49,6,7.333,17,0.0233,0.0,0.0204,1,0.0,0,0,0,0,0,0,injection,natural_language_manipulation,intra_sentence_reordering,delta2,,medical,0,intra_sentence_reordering,en,clinical_prompt,intra_sentence_reordering__s7,transform_aug
49,6,7.333,18,0.0233,0.0,0.0204,1,0.0,0,0,0,0,0,0,injection,natural_language_manipulation,intra_sentence_reordering,delta2,,medical,0,intra_sentence_reordering,en,clinical_prompt,intra_sentence_reordering__s7,transform_aug
49,6,7.333,17,0.0233,0.0,0.0204,1,0.0,0,0,0,0,0,0,injection,natural_language_manipulation,intra_sentence_reordering,delta2,,medical,0,intra_sentence_reordering,en,clinical_prompt,intra_sentence_reordering__s7,transform_aug
86,12,6.25,11,0.0135,0.0,0.0116,1,0.0,0,0,0,0,0,0,injection,natural_language_manipulation,word_addition_removal,delta2,,medical,0,word_addition_removal,en,clinical_prompt,word_addition_removal__s0,transform_aug
57,8,6.25,10,0.0204,0.0,0.0175,1,0.0,0,0,0,0,0,0,injection,natural_language_manipulation,word_addition_removal,delta2,,medical,0,word_addition_removal,en,clinical_prompt,word_addition_removal__s0,transform_aug
62,9,6.0,11,0.0189,0.0,0.0161,1,0.0,0,0,0,0,0,0,injection,natural_language_manipulation,word_addition_removal,delta2,,medical,0,word_addition_removal,en,clinical_prompt,word_addition_removal__s0,transform_aug
76,11,6.0,11,0.0154,0.0,0.0132,1,0.0,0,0,0,0,0,0,injection,natural_language_manipulation,word_addition_removal,delta2,,medical,0,word_addition_removal,en,clinical_prompt,word_addition_removal__s1,transform_aug
42,6,6.167,11,0.0,0.0,0.0238,1,0.0,0,0,0,0,0,0,injection,natural_language_manipulation,word_addition_removal,delta2,,medical,0,word_addition_removal,en,clinical_prompt,word_addition_removal__s1,transform_aug
38,6,5.5,11,0.0303,0.0,0.0,1,0.0,0,0,0,0,0,0,injection,natural_language_manipulation,word_addition_removal,delta2,,medical,0,word_addition_removal,en,clinical_prompt,word_addition_removal__s1,transform_aug
44,6,6.5,12,0.0,0.0,0.0227,1,0.0,0,0,2,0,0,0,injection,natural_language_manipulation,word_addition_removal,delta2,,medical,0,word_addition_removal,en,clinical_prompt,word_addition_removal__s2,transform_aug
47,6,7.0,12,0.0244,0.0,0.0213,1,0.0,0,0,2,0,0,0,injection,natural_language_manipulation,word_addition_removal,delta2,,medical,0,word_addition_removal,en,clinical_prompt,word_addition_removal__s2,transform_aug
58,8,6.375,12,0.0196,0.0,0.0,1,0.0,0,0,2,0,0,0,injection,natural_language_manipulation,word_addition_removal,delta2,,medical,0,word_addition_removal,en,clinical_prompt,word_addition_removal__s2,transform_aug
43,6,6.333,11,0.0278,0.0,0.0465,1,0.0,0,0,0,0,0,0,injection,natural_language_manipulation,word_addition_removal,delta2,,medical,0,word_addition_removal,en,clinical_prompt,word_addition_removal__s3,transform_aug
75,11,5.909,11,0.0159,0.0,0.0267,1,0.0,0,0,0,0,0,0,injection,natural_language_manipulation,word_addition_removal,delta2,,medical,0,word_addition_removal,en,clinical_prompt,word_addition_removal__s3,transform_aug
46,7,5.714,11,0.0263,0.0,0.0435,1,0.0,0,0,0,0,0,0,injection,natural_language_manipulation,word_addition_removal,delta2,,medical,0,word_addition_removal,en,clinical_prompt,word_addition_removal__s3,transform_aug
56,9,5.333,9,0.0213,0.0,0.0179,1,0.0,0,0,0,0,0,0,injection,natural_language_manipulation,word_addition_removal,delta2,,medical,0,word_addition_removal,en,clinical_prompt,word_addition_removal__s4,transform_aug
42,6,6.167,9,0.0278,0.0,0.0238,1,0.0,0,0,0,0,0,0,injection,natural_language_manipulation,word_addition_removal,delta2,,medical,0,word_addition_removal,en,clinical_prompt,word_addition_removal__s4,transform_aug
46,7,5.714,9,0.0256,0.0,0.0217,1,0.0,0,0,0,0,0,0,injection,natural_language_manipulation,word_addition_removal,delta2,,medical,0,word_addition_removal,en,clinical_prompt,word_addition_removal__s4,transform_aug
41,6,6.0,11,0.0286,0.0,0.0244,1,0.0,0,0,0,0,0,0,injection,natural_language_manipulation,word_addition_removal,delta2,,medical,0,word_addition_removal,en,clinical_prompt,word_addition_removal__s5,transform_aug
44,7,5.429,11,0.0263,0.0,0.0,1,0.0,0,0,0,0,0,0,injection,natural_language_manipulation,word_addition_removal,delta2,,medical,0,word_addition_removal,en,clinical_prompt,word_addition_removal__s5,transform_aug
32,5,5.6,11,0.037,0.0,0.0312,1,0.0,0,0,0,0,0,0,injection,natural_language_manipulation,word_addition_removal,delta2,,medical,0,word_addition_removal,en,clinical_prompt,word_addition_removal__s5,transform_aug
46,9,4.222,6,0.027,0.0,0.0217,1,0.0,0,0,0,0,0,0,injection,natural_language_manipulation,word_addition_removal,delta2,,medical,0,word_addition_removal,en,clinical_prompt,word_addition_removal__s6,transform_aug
53,10,4.4,6,0.0233,0.0,0.0189,1,0.0,0,0,0,0,0,0,injection,natural_language_manipulation,word_addition_removal,delta2,,medical,0,word_addition_removal,en,clinical_prompt,word_addition_removal__s6,transform_aug
61,12,4.167,6,0.0204,0.0,0.0164,1,0.0,0,0,0,0,0,0,injection,natural_language_manipulation,word_addition_removal,delta2,,medical,0,word_addition_removal,en,clinical_prompt,word_addition_removal__s6,transform_aug
38,5,6.8,17,0.0294,0.0,0.0,1,0.0,0,0,0,0,0,0,injection,natural_language_manipulation,word_addition_removal,delta2,,medical,0,word_addition_removal,en,clinical_prompt,word_addition_removal__s7,transform_aug
49,6,7.333,17,0.0233,0.0,0.0204,1,0.0,0,0,0,0,0,0,injection,natural_language_manipulation,word_addition_removal,delta2,,medical,0,word_addition_removal,en,clinical_prompt,word_addition_removal__s7,transform_aug
56,7,7.143,17,0.0204,0.0,0.0179,1,0.0,0,0,0,0,0,0,injection,natural_language_manipulation,word_addition_removal,delta2,,medical,0,word_addition_removal,en,clinical_prompt,word_addition_removal__s7,transform_aug
57,8,6.25,10,0.0204,0.0,0.0175,1,0.0,0,0,0,0,0,0,injection,instruction_reformulation,formatting_disruption,delta2,,medical,0,formatting_disruption,en,clinical_prompt,formatting_disruption__s0,transform_aug
59,8,6.5,10,0.0204,0.0,0.0339,1,0.0,0,0,0,0,0,0,injection,instruction_reformulation,formatting_disruption,delta2,,medical,0,formatting_disruption,en,clinical_prompt,formatting_disruption__s0,transform_aug
58,8,6.375,10,0.0204,0.0,0.0172,1,0.0,0,0,0,0,0,0,injection,instruction_reformulation,formatting_disruption,delta2,,medical,0,formatting_disruption,en,clinical_prompt,formatting_disruption__s0,transform_aug
48,7,6.0,12,0.025,0.0,0.0417,1,0.0,0,0,0,0,0,0,injection,instruction_reformulation,formatting_disruption,delta2,,medical,0,formatting_disruption,en,clinical_prompt,formatting_disruption__s1,transform_aug
49,7,6.143,11,0.025,0.0,0.0612,1,0.0,0,0,0,0,0,0,injection,instruction_reformulation,formatting_disruption,delta2,,medical,0,formatting_disruption,en,clinical_prompt,formatting_disruption__s1,transform_aug
50,7,6.286,11,0.025,0.0,0.04,1,0.0,0,0,0,0,0,0,injection,instruction_reformulation,formatting_disruption,delta2,,medical,0,formatting_disruption,en,clinical_prompt,formatting_disruption__s1,transform_aug
56,7,7.143,13,0.0222,0.0,0.0714,1,0.0,0,0,2,0,0,0,injection,instruction_reformulation,formatting_disruption,delta2,,medical,0,formatting_disruption,en,clinical_prompt,formatting_disruption__s2,transform_aug
54,7,6.857,12,0.0222,0.0,0.037,1,0.0,0,0,2,0,0,0,injection,instruction_reformulation,formatting_disruption,delta2,,medical,0,formatting_disruption,en,clinical_prompt,formatting_disruption__s2,transform_aug
54,7,6.857,13,0.0222,0.0,0.0185,1,0.0,0,0,2,0,0,0,injection,instruction_reformulation,formatting_disruption,delta2,,medical,0,formatting_disruption,en,clinical_prompt,formatting_disruption__s2,transform_aug
48,7,6.0,11,0.0263,0.0,0.0625,1,0.0,0,0,0,0,0,0,injection,instruction_reformulation,formatting_disruption,delta2,,medical,0,formatting_disruption,en,clinical_prompt,formatting_disruption__s3,transform_aug
48,7,6.0,11,0.0263,0.0,0.0833,1,0.0,0,0,0,0,0,0,injection,instruction_reformulation,formatting_disruption,delta2,,medical,0,formatting_disruption,en,clinical_prompt,formatting_disruption__s3,transform_aug
48,7,6.0,11,0.0263,0.0,0.0625,1,0.0,0,0,0,0,0,0,injection,instruction_reformulation,formatting_disruption,delta2,,medical,0,formatting_disruption,en,clinical_prompt,formatting_disruption__s3,transform_aug
46,7,5.714,9,0.0256,0.0,0.0217,1,0.0,0,0,0,0,0,0,injection,instruction_reformulation,formatting_disruption,delta2,,medical,0,formatting_disruption,en,clinical_prompt,formatting_disruption__s4,transform_aug
50,7,6.286,10,0.0256,0.0,0.02,1,0.0,0,0,0,0,0,0,injection,instruction_reformulation,formatting_disruption,delta2,,medical,0,formatting_disruption,en,clinical_prompt,formatting_disruption__s4,transform_aug
48,7,6.0,9,0.0256,0.0,0.0625,1,0.0,0,0,0,0,0,0,injection,instruction_reformulation,formatting_disruption,delta2,,medical,0,formatting_disruption,en,clinical_prompt,formatting_disruption__s4,transform_aug
43,6,6.333,11,0.0286,0.0,0.0233,1,0.0,0,0,0,0,0,0,injection,instruction_reformulation,formatting_disruption,delta2,,medical,0,formatting_disruption,en,clinical_prompt,formatting_disruption__s5,transform_aug
42,6,6.167,11,0.0286,0.0,0.0476,1,0.0,0,0,0,0,0,0,injection,instruction_reformulation,formatting_disruption,delta2,,medical,0,formatting_disruption,en,clinical_prompt,formatting_disruption__s5,transform_aug
44,6,6.5,11,0.0286,0.0,0.0455,1,0.0,0,0,0,0,0,0,injection,instruction_reformulation,formatting_disruption,delta2,,medical,0,formatting_disruption,en,clinical_prompt,formatting_disruption__s5,transform_aug
47,9,4.333,6,0.027,0.0,0.0426,1,0.0,0,0,0,0,0,0,injection,instruction_reformulation,formatting_disruption,delta2,,medical,0,formatting_disruption,en,clinical_prompt,formatting_disruption__s6,transform_aug
49,9,4.556,6,0.027,0.0,0.0816,1,0.0,0,0,0,0,0,0,injection,instruction_reformulation,formatting_disruption,delta2,,medical,0,formatting_disruption,en,clinical_prompt,formatting_disruption__s6,transform_aug
50,9,4.667,6,0.027,0.0,0.06,1,0.0,0,0,0,0,0,0,injection,instruction_reformulation,formatting_disruption,delta2,,medical,0,formatting_disruption,en,clinical_prompt,formatting_disruption__s6,transform_aug
49,6,7.333,17,0.0233,0.0,0.0204,1,0.0,0,0,0,0,0,0,injection,instruction_reformulation,formatting_disruption,delta2,,medical,0,formatting_disruption,en,clinical_prompt,formatting_disruption__s7,transform_aug
52,6,7.833,18,0.0233,0.0,0.0385,1,0.0,0,0,0,0,0,0,injection,instruction_reformulation,formatting_disruption,delta2,,medical,0,formatting_disruption,en,clinical_prompt,formatting_disruption__s7,transform_aug
53,6,8.0,18,0.0233,0.0,0.0755,1,0.0,0,0,0,0,0,0,injection,instruction_reformulation,formatting_disruption,delta2,,medical,0,formatting_disruption,en,clinical_prompt,formatting_disruption__s7,transform_aug
61,9,5.889,10,0.0204,0.0,0.0656,1,0.0,0,0,0,0,0,0,injection,instruction_reformulation,in_prompt_fragment_concatenation,delta2,,medical,0,in_prompt_fragment_concatenation,en,clinical_prompt,in_prompt_fragment_concatenation__s0,transform_aug
61,9,5.889,10,0.0204,0.0,0.0656,1,0.0,0,0,0,0,0,0,injection,instruction_reformulation,in_prompt_fragment_concatenation,delta2,,medical,0,in_prompt_fragment_concatenation,en,clinical_prompt,in_prompt_fragment_concatenation__s0,transform_aug
61,9,5.889,10,0.0204,0.0,0.0656,1,0.0,0,0,0,0,0,0,injection,instruction_reformulation,in_prompt_fragment_concatenation,delta2,,medical,0,in_prompt_fragment_concatenation,en,clinical_prompt,in_prompt_fragment_concatenation__s0,transform_aug
51,8,5.5,11,0.025,0.0,0.0784,1,0.0,0,0,0,0,0,0,injection,instruction_reformulation,in_prompt_fragment_concatenation,delta2,,medical,0,in_prompt_fragment_concatenation,en,clinical_prompt,in_prompt_fragment_concatenation__s1,transform_aug
51,8,5.5,11,0.025,0.0,0.0784,1,0.0,0,0,0,0,0,0,injection,instruction_reformulation,in_prompt_fragment_concatenation,delta2,,medical,0,in_prompt_fragment_concatenation,en,clinical_prompt,in_prompt_fragment_concatenation__s1,transform_aug
51,8,5.5,11,0.025,0.0,0.0784,1,0.0,0,0,0,0,0,0,injection,instruction_reformulation,in_prompt_fragment_concatenation,delta2,,medical,0,in_prompt_fragment_concatenation,en,clinical_prompt,in_prompt_fragment_concatenation__s1,transform_aug
56,8,6.125,12,0.0222,0.0,0.0714,1,0.0,0,0,2,0,0,0,injection,instruction_reformulation,in_prompt_fragment_concatenation,delta2,,medical,0,in_prompt_fragment_concatenation,en,clinical_prompt,in_prompt_fragment_concatenation__s2,transform_aug
56,8,6.125,12,0.0222,0.0,0.0714,1,0.0,0,0,2,0,0,0,injection,instruction_reformulation,in_prompt_fragment_concatenation,delta2,,medical,0,in_prompt_fragment_concatenation,en,clinical_prompt,in_prompt_fragment_concatenation__s2,transform_aug
56,8,6.125,12,0.0222,0.0,0.0714,1,0.0,0,0,2,0,0,0,injection,instruction_reformulation,in_prompt_fragment_concatenation,delta2,,medical,0,in_prompt_fragment_concatenation,en,clinical_prompt,in_prompt_fragment_concatenation__s2,transform_aug
50,8,5.375,11,0.0263,0.0,0.1,1,0.0,0,0,0,0,0,0,injection,instruction_reformulation,in_prompt_fragment_concatenation,delta2,,medical,0,in_prompt_fragment_concatenation,en,clinical_prompt,in_prompt_fragment_concatenation__s3,transform_aug
50,8,5.375,11,0.0263,0.0,0.1,1,0.0,0,0,0,0,0,0,injection,instruction_reformulation,in_prompt_fragment_concatenation,delta2,,medical,0,in_prompt_fragment_concatenation,en,clinical_prompt,in_prompt_fragment_concatenation__s3,transform_aug
50,8,5.375,11,0.0263,0.0,0.1,1,0.0,0,0,0,0,0,0,injection,instruction_reformulation,in_prompt_fragment_concatenation,delta2,,medical,0,in_prompt_fragment_concatenation,en,clinical_prompt,in_prompt_fragment_concatenation__s3,transform_aug
50,8,5.375,9,0.0256,0.0,0.08,1,0.0,0,0,0,0,0,0,injection,instruction_reformulation,in_prompt_fragment_concatenation,delta2,,medical,0,in_prompt_fragment_concatenation,en,clinical_prompt,in_prompt_fragment_concatenation__s4,transform_aug
50,8,5.375,9,0.0256,0.0,0.08,1,0.0,0,0,0,0,0,0,injection,instruction_reformulation,in_prompt_fragment_concatenation,delta2,,medical,0,in_prompt_fragment_concatenation,en,clinical_prompt,in_prompt_fragment_concatenation__s4,transform_aug
50,8,5.375,9,0.0256,0.0,0.08,1,0.0,0,0,0,0,0,0,injection,instruction_reformulation,in_prompt_fragment_concatenation,delta2,,medical,0,in_prompt_fragment_concatenation,en,clinical_prompt,in_prompt_fragment_concatenation__s4,transform_aug
45,7,5.571,11,0.0286,0.0,0.0889,1,0.0,0,0,0,0,0,0,injection,instruction_reformulation,in_prompt_fragment_concatenation,delta2,,medical,0,in_prompt_fragment_concatenation,en,clinical_prompt,in_prompt_fragment_concatenation__s5,transform_aug
45,7,5.571,11,0.0286,0.0,0.0889,1,0.0,0,0,0,0,0,0,injection,instruction_reformulation,in_prompt_fragment_concatenation,delta2,,medical,0,in_prompt_fragment_concatenation,en,clinical_prompt,in_prompt_fragment_concatenation__s5,transform_aug
45,7,5.571,11,0.0286,0.0,0.0889,1,0.0,0,0,0,0,0,0,injection,instruction_reformulation,in_prompt_fragment_concatenation,delta2,,medical,0,in_prompt_fragment_concatenation,en,clinical_prompt,in_prompt_fragment_concatenation__s5,transform_aug
50,10,4.1,6,0.027,0.0,0.08,1,0.0,0,0,0,0,0,0,injection,instruction_reformulation,in_prompt_fragment_concatenation,delta2,,medical,0,in_prompt_fragment_concatenation,en,clinical_prompt,in_prompt_fragment_concatenation__s6,transform_aug
50,10,4.1,6,0.027,0.0,0.08,1,0.0,0,0,0,0,0,0,injection,instruction_reformulation,in_prompt_fragment_concatenation,delta2,,medical,0,in_prompt_fragment_concatenation,en,clinical_prompt,in_prompt_fragment_concatenation__s6,transform_aug
50,10,4.1,6,0.027,0.0,0.08,1,0.0,0,0,0,0,0,0,injection,instruction_reformulation,in_prompt_fragment_concatenation,delta2,,medical,0,in_prompt_fragment_concatenation,en,clinical_prompt,in_prompt_fragment_concatenation__s6,transform_aug
53,7,6.714,17,0.0233,0.0,0.0755,1,0.0,0,0,0,0,0,0,injection,instruction_reformulation,in_prompt_fragment_concatenation,delta2,,medical,0,in_prompt_fragment_concatenation,en,clinical_prompt,in_prompt_fragment_concatenation__s7,transform_aug
53,7,6.714,17,0.0233,0.0,0.0755,1,0.0,0,0,0,0,0,0,injection,instruction_reformulation,in_prompt_fragment_concatenation,delta2,,medical,0,in_prompt_fragment_concatenation,en,clinical_prompt,in_prompt_fragment_concatenation__s7,transform_aug
53,7,6.714,17,0.0233,0.0,0.0755,1,0.0,0,0,0,0,0,0,injection,instruction_reformulation,in_prompt_fragment_concatenation,delta2,,medical,0,in_prompt_fragment_concatenation,en,clinical_prompt,in_prompt_fragment_concatenation__s7,transform_aug
333,38,7.789,14,0.0247,0.0,0.039,1,0.0,0,0,0,6,0,0,injection,instruction_obfuscation,context_overload_prompting,delta2,,medical,0,context_overload_prompting,en,clinical_prompt,context_overload_prompting__s0,transform_aug
333,38,7.789,14,0.0247,0.0,0.039,1,0.0,0,0,0,6,0,0,injection,instruction_obfuscation,context_overload_prompting,delta2,,medical,0,context_overload_prompting,en,clinical_prompt,context_overload_prompting__s0,transform_aug
333,38,7.789,14,0.0247,0.0,0.039,1,0.0,0,0,0,6,0,0,injection,instruction_obfuscation,context_overload_prompting,delta2,,medical,0,context_overload_prompting,en,clinical_prompt,context_overload_prompting__s0,transform_aug
323,37,7.757,14,0.0255,0.0,0.0402,1,0.0,0,0,0,6,0,0,injection,instruction_obfuscation,context_overload_prompting,delta2,,medical,0,context_overload_prompting,en,clinical_prompt,context_overload_prompting__s1,transform_aug
323,37,7.757,14,0.0255,0.0,0.0402,1,0.0,0,0,0,6,0,0,injection,instruction_obfuscation,context_overload_prompting,delta2,,medical,0,context_overload_prompting,en,clinical_prompt,context_overload_prompting__s1,transform_aug
323,37,7.757,14,0.0255,0.0,0.0402,1,0.0,0,0,0,6,0,0,injection,instruction_obfuscation,context_overload_prompting,delta2,,medical,0,context_overload_prompting,en,clinical_prompt,context_overload_prompting__s1,transform_aug
328,37,7.892,14,0.0251,0.0,0.0396,1,0.0,0,0,2,6,0,0,injection,instruction_obfuscation,context_overload_prompting,delta2,,medical,0,context_overload_prompting,en,clinical_prompt,context_overload_prompting__s2,transform_aug
328,37,7.892,14,0.0251,0.0,0.0396,1,0.0,0,0,2,6,0,0,injection,instruction_obfuscation,context_overload_prompting,delta2,,medical,0,context_overload_prompting,en,clinical_prompt,context_overload_prompting__s2,transform_aug
328,37,7.892,14,0.0251,0.0,0.0396,1,0.0,0,0,2,6,0,0,injection,instruction_obfuscation,context_overload_prompting,delta2,,medical,0,context_overload_prompting,en,clinical_prompt,context_overload_prompting__s2,transform_aug
322,37,7.73,14,0.0257,0.0,0.0435,1,0.0,0,0,0,6,0,0,injection,instruction_obfuscation,context_overload_prompting,delta2,,medical,0,context_overload_prompting,en,clinical_prompt,context_overload_prompting__s3,transform_aug
322,37,7.73,14,0.0257,0.0,0.0435,1,0.0,0,0,0,6,0,0,injection,instruction_obfuscation,context_overload_prompting,delta2,,medical,0,context_overload_prompting,en,clinical_prompt,context_overload_prompting__s3,transform_aug
322,37,7.73,14,0.0257,0.0,0.0435,1,0.0,0,0,0,6,0,0,injection,instruction_obfuscation,context_overload_prompting,delta2,,medical,0,context_overload_prompting,en,clinical_prompt,context_overload_prompting__s3,transform_aug
322,37,7.73,14,0.0256,0.0,0.0404,1,0.0,0,0,0,6,0,0,injection,instruction_obfuscation,context_overload_prompting,delta2,,medical,0,context_overload_prompting,en,clinical_prompt,context_overload_prompting__s4,transform_aug
322,37,7.73,14,0.0256,0.0,0.0404,1,0.0,0,0,0,6,0,0,injection,instruction_obfuscation,context_overload_prompting,delta2,,medical,0,context_overload_prompting,en,clinical_prompt,context_overload_prompting__s4,transform_aug
322,37,7.73,14,0.0256,0.0,0.0404,1,0.0,0,0,0,6,0,0,injection,instruction_obfuscation,context_overload_prompting,delta2,,medical,0,context_overload_prompting,en,clinical_prompt,context_overload_prompting__s4,transform_aug
317,36,7.833,14,0.026,0.0,0.041,1,0.0,0,0,0,6,0,0,injection,instruction_obfuscation,context_overload_prompting,delta2,,medical,0,context_overload_prompting,en,clinical_prompt,context_overload_prompting__s5,transform_aug
317,36,7.833,14,0.026,0.0,0.041,1,0.0,0,0,0,6,0,0,injection,instruction_obfuscation,context_overload_prompting,delta2,,medical,0,context_overload_prompting,en,clinical_prompt,context_overload_prompting__s5,transform_aug
317,36,7.833,14,0.026,0.0,0.041,1,0.0,0,0,0,6,0,0,injection,instruction_obfuscation,context_overload_prompting,delta2,,medical,0,context_overload_prompting,en,clinical_prompt,context_overload_prompting__s5,transform_aug
322,39,7.282,14,0.0258,0.0,0.0404,1,0.0,0,0,0,6,0,0,injection,instruction_obfuscation,context_overload_prompting,delta2,,medical,0,context_overload_prompting,en,clinical_prompt,context_overload_prompting__s6,transform_aug
322,39,7.282,14,0.0258,0.0,0.0404,1,0.0,0,0,0,6,0,0,injection,instruction_obfuscation,context_overload_prompting,delta2,,medical,0,context_overload_prompting,en,clinical_prompt,context_overload_prompting__s6,transform_aug
322,39,7.282,14,0.0258,0.0,0.0404,1,0.0,0,0,0,6,0,0,injection,instruction_obfuscation,context_overload_prompting,delta2,,medical,0,context_overload_prompting,en,clinical_prompt,context_overload_prompting__s6,transform_aug
325,36,8.056,17,0.0253,0.0,0.04,1,0.0,0,0,0,6,0,0,injection,instruction_obfuscation,context_overload_prompting,delta2,,medical,0,context_overload_prompting,en,clinical_prompt,context_overload_prompting__s7,transform_aug
325,36,8.056,17,0.0253,0.0,0.04,1,0.0,0,0,0,6,0,0,injection,instruction_obfuscation,context_overload_prompting,delta2,,medical,0,context_overload_prompting,en,clinical_prompt,context_overload_prompting__s7,transform_aug
325,36,8.056,17,0.0253,0.0,0.04,1,0.0,0,0,0,6,0,0,injection,instruction_obfuscation,context_overload_prompting,delta2,,medical,0,context_overload_prompting,en,clinical_prompt,context_overload_prompting__s7,transform_aug
