text_length,word_count,avg_word_length,max_token_length,uppercase_ratio,digit_ratio,punct_ratio,line_count,non_ascii_ratio,zero_width_count,url_count,trigger_keyword_count,role_keyword_count,delimiter_marker_count,has_base64_blob,carrier,language,label
152,29,4.276,9,0.0566,0.0395,0.0789,4,0.0,0,0,1,0,0,0,code_comment,en,benign
191,29,5.586,16,0.0672,0.0366,0.1099,4,0.0,0,0,0,0,0,0,api_response,en,injection
102,17,5.0,13,0.0244,0.0,0.0294,3,0.0,0,0,2,0,0,0,document,fr,benign
234,29,7.069,16,0.0714,0.0299,0.188,4,0.0897,21,0,0,0,0,0,api_response,en,injection
211,33,5.394,25,0.0308,0.1896,0.0379,3,0.0,0,0,0,0,0,0,product_review,en,injection
287,44,5.477,13,0.1111,0.0557,0.0592,7,0.0836,0,0,0,0,0,0,support_ticket,fr,injection
223,30,6.4,32,0.0793,0.0359,0.0897,8,0.0,0,1,0,0,0,0,calendar_invite,en,injection
94,17,4.529,8,0.04,0.0,0.0213,3,0.0,0,0,0,0,0,0,web_page,en,benign
221,31,6.129,21,0.1342,0.0498,0.1357,4,0.0,0,0,0,0,0,0,api_response,en,injection
337,54,5.204,14,0.0357,0.1484,0.0208,7,0.0,0,0,0,0,0,0,document,fr,injection
241,36,5.639,14,0.1243,0.0166,0.0581,7,0.0,0,0,1,2,0,0,document,en,injection
192,32,4.938,11,0.068,0.0104,0.0469,7,0.0,0,0,0,0,0,0,document,en,benign
269,38,6.079,14,0.0275,0.0223,0.026,3,0.0,0,0,0,0,0,0,rag_chunk,fr,benign
216,34,5.353,11,0.0238,0.0,0.0648,6,0.0,0,0,0,0,0,0,chat_log,en,injection
136,20,5.8,16,0.0175,0.0,0.0147,3,0.0,0,0,0,0,0,0,document,en,benign
108,15,6.267,11,0.0222,0.0,0.037,2,0.0,0,0,0,1,0,0,chat_log,en,benign
296,44,5.682,32,0.0648,0.0473,0.0642,7,0.0,0,1,0,0,0,0,support_ticket,en,injection
213,34,5.294,17,0.05,0.0282,0.0657,4,0.0,0,0,0,0,0,0,code_comment,en,injection
136,23,4.913,12,0.0273,0.0,0.0221,3,0.0,0,0,4,0,0,0,web_page,en,benign
161,20,7.0,22,0.0909,0.0497,0.0683,8,0.0,0,0,0,0,0,0,calendar_invite,en,benign
87,13,5.769,10,0.0274,0.0,0.023,2,0.0,0,0,1,0,0,0,chat_log,en,benign
353,49,6.204,16,0.1259,0.0,0.051,4,0.0,0,0,1,2,2,0,web_page,fr,injection
317,49,5.429,14,0.0438,0.0126,0.0347,7,0.0,0,0,0,0,0,0,document,fr,injection
163,18,8.111,35,0.0248,0.0,0.1534,6,0.0,0,0,0,0,0,0,html_metadata,en,benign
224,28,6.821,18,0.0191,0.0179,0.1339,5,0.0,0,0,1,1,0,0,html_metadata,en,injection
97,13,6.462,13,0.0385,0.0206,0.0412,3,0.0,0,0,2,3,0,0,product_review,en,benign
205,28,6.357,21,0.0063,0.0,0.0878,4,0.1268,0,0,0,0,0,0,tool_output,en,injection
180,21,7.571,43,0.0634,0.0,0.0944,5,0.0,0,1,0,0,0,0,email,en,injection
230,32,6.125,12,0.0753,0.0174,0.0261,7,0.0,0,0,1,0,0,0,document,en,benign
104,15,5.933,12,0.061,0.0288,0.0385,3,0.0,0,0,2,0,0,0,web_page,en,benign
262,25,9.52,50,0.038,0.0038,0.2023,6,0.0,0,1,0,0,0,0,html_metadata,en,injection
303,42,6.167,14,0.0718,0.0462,0.1155,7,0.0759,23,0,0,1,0,0,support_ticket,en,injection
180,27,5.667,12,0.0136,0.0111,0.0222,3,0.0,0,0,6,1,0,0,product_review,en,benign
85,13,5.538,10,0.0282,0.0,0.0118,3,0.0,0,0,1,0,0,0,document,en,benign
286,47,5.043,13,0.0435,0.049,0.0524,7,0.0874,0,0,0,0,0,0,support_ticket,fr,injection
275,41,5.634,12,0.1296,0.0,0.0545,11,0.0,0,0,1,1,2,0,email,pt,injection
86,13,5.692,10,0.0278,0.0,0.0233,2,0.0,0,0,1,0,0,0,chat_log,en,benign
290,43,5.698,10,0.0684,0.0138,0.0241,7,0.0,0,0,1,0,0,0,document,en,injection
222,32,5.844,12,0.0387,0.0,0.027,10,0.0,0,0,0,0,0,0,email,pt,benign
236,34,5.882,12,0.0517,0.0593,0.0466,7,0.0,0,0,0,0,0,0,support_ticket,pt,benign
105,15,6.0,12,0.0241,0.019,0.0476,3,0.0,0,0,3,0,0,0,product_review,en,benign
117,18,5.5,11,0.1071,0.0769,0.0427,3,0.0,0,0,0,0,0,0,support_ticket,fr,benign
214,31,5.806,12,0.0402,0.0,0.028,10,0.0,0,0,0,0,0,0,email,pt,benign
319,38,7.395,31,0.0408,0.0188,0.094,3,0.0533,17,1,0,0,0,0,rag_chunk,fr,injection
280,38,6.289,17,0.039,0.0,0.0286,10,0.0,0,0,0,0,0,0,email,pt,injection
332,42,6.905,39,0.0187,0.0,0.0663,3,0.0,0,1,0,0,0,0,web_page,fr,injection
208,38,4.395,11,0.0577,0.0192,0.0337,10,0.0,0,0,1,0,0,0,email,en,benign
247,42,4.833,13,0.0761,0.0202,0.0567,8,0.0,0,0,0,0,0,0,pdf_text,en,injection
234,36,5.5,16,0.011,0.0,0.0684,6,0.0,0,0,0,0,0,0,chat_log,en,injection
106,19,4.579,9,0.0506,0.0377,0.0377,3,0.0,0,0,1,0,0,0,rag_chunk,en,benign
154,20,6.7,16,0.024,0.0065,0.0455,4,0.0,0,0,1,1,0,0,support_ticket,en,injection
276,40,5.825,32,0.0457,0.0,0.0507,10,0.0,0,1,0,0,0,0,email,pt,injection
193,28,5.893,10,0.0581,0.0155,0.0363,5,0.0,0,0,0,0,0,0,web_page,en,benign
323,41,6.878,27,0.0336,0.0,0.0433,3,0.0,0,1,1,0,0,0,web_page,fr,injection
208,28,6.429,16,0.0978,0.2837,0.1394,6,0.0,0,0,0,0,0,0,api_response,en,injection
192,29,5.552,14,0.0336,0.0104,0.0521,7,0.0,0,0,0,0,0,0,email,en,injection
226,41,4.463,11,0.0727,0.0354,0.0442,8,0.0,0,0,0,0,0,0,pdf_text,en,benign
139,18,6.722,14,0.0741,0.0576,0.036,3,0.0,0,0,0,0,0,0,rag_chunk,en,benign
163,28,4.821,12,0.125,0.0245,0.0184,3,0.0,0,0,0,2,0,0,email,en,benign
204,24,7.542,36,0.0201,0.0,0.1569,6,0.0,0,1,0,0,0,0,html_metadata,en,injection
245,31,6.839,17,0.0352,0.0082,0.0449,7,0.0,0,0,0,0,0,0,email,fr,injection
146,27,4.444,11,0.0686,0.0411,0.0822,4,0.0,0,0,0,0,0,0,code_comment,en,benign
246,43,4.721,20,0.0206,0.0081,0.0285,3,0.0,0,0,0,0,0,0,product_review,en,injection
162,18,8.0,43,0.0565,0.0062,0.1111,4,0.0,0,1,0,0,0,0,support_ticket,en,injection
144,19,6.0,12,0.0366,0.0069,0.2153,7,0.0,0,0,0,0,0,0,tool_output,en,benign
165,26,5.346,26,0.0417,0.0606,0.0485,3,0.0,0,0,1,0,1,0,rag_chunk,en,injection
292,36,7.111,43,0.0482,0.024,0.0719,3,0.0,0,0,0,5,0,0,rag_chunk,en,injection
276,43,5.372,13,0.0693,0.0507,0.0507,7,0.0,0,0,0,5,0,0,support_ticket,fr,injection
348,56,5.179,14,0.0325,0.0115,0.0259,7,0.0805,0,0,0,2,0,0,document,fr,injection
186,29,5.414,10,0.0612,0.0161,0.0376,5,0.0,0,0,0,0,1,0,web_page,en,benign
87,14,5.214,10,0.0423,0.0,0.023,3,0.0,0,0,1,0,0,0,web_page,en,benign
96,17,4.647,10,0.039,0.0,0.0208,3,0.0,0,0,1,0,0,0,web_page,en,benign
225,35,5.429,14,0.0966,0.0178,0.0444,3,0.0,0,0,1,2,0,0,product_review,en,injection
171,29,4.897,12,0.1212,0.0351,0.0234,3,0.0,0,0,0,2,0,0,product_review,en,benign
124,21,4.905,12,0.0303,0.0161,0.0161,3,0.0,0,0,4,0,0,0,web_page,en,benign
241,39,5.179,20,0.0108,0.0,0.0664,6,0.0,0,0,0,0,0,0,chat_log,en,injection
314,45,5.978,16,0.0843,0.0064,0.0573,3,0.0,0,0,1,1,0,0,web_page,pt,injection
128,17,6.529,13,0.0543,0.0938,0.0469,3,0.0,0,0,2,0,0,0,support_ticket,en,benign
269,48,4.542,20,0.051,0.197,0.0297,10,0.0,0,0,1,0,0,0,email,en,injection
266,38,6.0,12,0.0676,0.0,0.0226,3,0.0,0,0,4,0,0,0,web_page,pt,injection
183,28,5.536,10,0.0621,0.0164,0.0383,5,0.0,0,0,0,0,0,0,web_page,en,benign
96,17,4.647,10,0.04,0.0,0.0417,3,0.0,0,0,0,0,0,0,web_page,fr,benign
332,48,5.875,39,0.0541,0.0422,0.1355,7,0.0602,20,1,0,0,0,0,support_ticket,fr,injection
193,24,7.083,35,0.1241,0.0,0.171,6,0.0,0,0,0,0,1,0,html_metadata,en,injection
249,34,6.324,14,0.0299,0.0241,0.0321,3,0.0,0,0,0,0,0,0,rag_chunk,fr,benign
156,24,5.5,18,0.0259,0.0577,0.0385,3,0.0,0,0,0,2,0,0,support_ticket,en,benign
133,18,6.389,13,0.0303,0.0677,0.0451,3,0.0,0,0,3,0,0,0,support_ticket,en,benign
174,26,5.615,14,0.0368,0.0115,0.046,7,0.0,0,0,0,0,0,0,email,en,benign
240,35,5.8,14,0.0265,0.0083,0.05,7,0.0,0,0,2,2,0,0,email,fr,injection
194,31,5.258,16,0.0909,0.0464,0.1134,4,0.0,0,0,0,0,1,0,api_response,en,injection
86,13,5.615,10,0.0615,0.0465,0.0465,3,0.0,0,0,1,0,0,0,rag_chunk,en,benign
99,13,6.615,13,0.0357,0.0,0.0202,3,0.0,0,0,2,3,0,0,document,en,benign
167,22,6.545,22,0.08,0.0479,0.0659,8,0.0,0,0,1,0,0,0,calendar_invite,en,benign
232,33,6.0,22,0.0565,0.0345,0.056,8,0.0905,0,0,0,0,0,0,calendar_invite,en,injection
239,43,4.512,11,0.067,0.0209,0.0418,8,0.0,0,0,0,0,0,0,pdf_text,en,injection
214,31,5.548,16,0.0217,0.0047,0.1542,7,0.0,0,0,0,0,0,0,tool_output,en,injection
296,50,4.88,10,0.1481,0.0068,0.0878,8,0.0,0,0,1,0,5,0,document,en,injection
174,27,5.444,10,0.0152,0.0,0.0862,6,0.0,0,0,0,0,0,0,chat_log,en,benign
244,41,4.878,13,0.0363,0.0,0.0287,10,0.0,0,0,0,0,0,0,email,fr,benign
276,42,5.5,32,0.0463,0.0,0.0543,10,0.0,0,1,0,0,0,0,email,pt,injection
223,37,4.946,28,0.0946,0.13,0.0269,10,0.0,0,0,1,0,0,1,email,en,injection
104,15,5.933,11,0.0244,0.0192,0.0481,3,0.0,0,0,0,1,0,0,product_review,en,benign
175,30,4.833,13,0.0233,0.0629,0.0229,3,0.0,0,0,1,1,0,0,support_ticket,en,benign
164,20,7.2,26,0.032,0.0488,0.061,3,0.0,0,0,1,0,0,0,rag_chunk,en,injection
199,25,7.0,35,0.0268,0.0,0.1307,6,0.0,0,0,0,0,0,0,html_metadata,en,injection
157,19,7.316,35,0.0263,0.0,0.1592,6,0.0,0,0,0,0,0,0,html_metadata,en,benign
94,16,4.875,10,0.0274,0.0213,0.0319,3,0.0,0,0,0,0,0,0,product_review,fr,benign
163,18,8.056,26,0.123,0.0613,0.0736,3,0.0,0,0,2,2,0,0,rag_chunk,en,injection
288,41,5.976,24,0.0606,0.0139,0.0347,7,0.0,0,1,1,0,0,0,document,en,injection
171,23,6.391,22,0.0806,0.0643,0.0702,8,0.0,0,0,0,0,0,0,calendar_invite,en,benign
273,43,5.302,43,0.08,0.0183,0.0842,8,0.0,0,1,0,0,0,0,pdf_text,en,injection
311,39,6.974,39,0.0245,0.0193,0.0675,3,0.0,0,1,0,0,0,0,rag_chunk,fr,injection
284,41,5.878,13,0.0843,0.2077,0.0528,7,0.0,0,0,0,0,0,0,support_ticket,en,injection
246,37,5.595,11,0.0725,0.0285,0.0285,7,0.0,0,0,1,0,0,0,document,en,benign
342,46,6.435,13,0.0246,0.0,0.0322,3,0.0936,0,0,0,0,0,0,web_page,fr,injection
183,31,4.903,12,0.1079,0.0328,0.0383,3,0.0,0,0,0,3,0,0,product_review,fr,benign
241,36,5.639,14,0.1056,0.195,0.0581,7,0.0,0,0,0,0,0,0,document,en,injection
288,42,5.857,12,0.0377,0.0,0.0243,3,0.0,0,0,4,0,0,0,web_page,pt,injection
173,31,4.613,12,0.12,0.0347,0.0694,4,0.0,0,0,5,0,0,0,code_comment,en,injection
185,22,7.455,21,0.0098,0.227,0.1027,4,0.0,0,0,0,0,0,0,tool_output,en,injection
185,30,5.167,12,0.1027,0.0216,0.027,3,0.0,0,0,0,3,0,0,document,fr,benign
105,19,4.526,9,0.0235,0.0,0.0095,3,0.0,0,0,1,0,0,0,document,en,benign
163,24,5.792,14,0.025,0.0552,0.0552,3,0.0,0,0,4,0,0,0,support_ticket,fr,benign
203,25,7.16,35,0.0261,0.0,0.1281,6,0.0,0,0,0,5,0,0,html_metadata,en,injection
312,42,6.429,43,0.0359,0.0,0.0609,3,0.0,0,1,0,0,0,0,web_page,pt,injection
105,18,4.833,13,0.0361,0.0,0.0381,3,0.0,0,0,2,0,0,0,web_page,fr,benign
203,32,5.375,43,0.0714,0.0296,0.1281,4,0.0,0,1,0,0,0,0,code_comment,en,injection
199,29,5.862,16,0.0786,0.0352,0.1156,4,0.0,0,0,0,0,0,0,api_response,en,injection
159,22,6.273,21,0.0083,0.0,0.1069,4,0.0,0,0,0,0,0,0,tool_output,en,injection
184,30,5.133,12,0.0272,0.0109,0.0272,3,0.0,0,0,0,0,0,0,product_review,en,benign
156,30,4.233,11,0.0571,0.0577,0.0833,4,0.0,0,0,0,0,0,0,code_comment,en,benign
100,18,4.556,9,0.0556,0.04,0.06,3,0.0,0,0,0,0,0,0,rag_chunk,en,benign
228,34,5.706,11,0.0707,0.0132,0.0307,5,0.0,0,0,1,4,0,0,web_page,en,injection
205,32,5.438,37,0.042,0.0293,0.122,4,0.0,0,1,0,0,0,0,code_comment,en,injection
91,17,4.353,10,0.0299,0.022,0.0549,3,0.0,0,0,0,0,0,0,product_review,fr,benign
247,35,6.057,16,0.1282,0.0202,0.0486,5,0.0,0,0,1,1,0,0,web_page,en,injection
201,34,4.853,11,0.0667,0.0249,0.0498,7,0.0,0,0,0,0,0,0,document,en,benign
288,46,5.217,14,0.0393,0.0139,0.0243,7,0.0,0,0,0,0,0,0,document,fr,benign
439,33,12.303,204,0.2782,0.0752,0.0228,3,0.0,0,0,1,0,0,1,rag_chunk,fr,injection
248,38,5.526,13,0.0292,0.254,0.0403,3,0.0,0,0,0,0,0,0,product_review,fr,injection
215,30,6.133,22,0.0675,0.0372,0.0605,8,0.1628,0,0,0,0,0,0,calendar_invite,en,injection
114,18,5.333,9,0.0213,0.0,0.0175,3,0.0,0,0,0,0,0,0,email,en,benign
101,13,6.846,13,0.0349,0.0,0.0297,2,0.0,0,0,2,3,0,0,chat_log,en,benign
270,46,4.826,13,0.0583,0.0185,0.0407,8,0.0,0,0,1,0,0,0,pdf_text,en,injection
245,34,5.882,32,0.0286,0.0,0.098,4,0.0,0,1,3,0,0,0,code_comment,en,injection
241,35,5.829,13,0.0621,0.0581,0.0498,7,0.0,0,0,0,0,0,0,support_ticket,en,benign
218,31,6.032,13,0.0508,0.0138,0.0321,5,0.0,0,0,1,0,0,0,web_page,en,injection
366,53,5.906,19,0.0548,0.0109,0.0464,3,0.0,0,0,0,0,0,0,web_page,fr,injection
102,17,5.0,13,0.038,0.0196,0.0392,3,0.0,0,0,2,0,0,0,web_page,en,benign
244,37,5.595,43,0.0428,0.0082,0.0738,3,0.0,0,1,0,0,0,0,product_review,en,injection
186,25,6.36,14,0.0338,0.0108,0.0484,7,0.0,0,0,0,0,0,0,email,fr,benign
175,28,5.25,12,0.0208,0.0,0.0171,3,0.0,0,0,4,0,0,0,web_page,en,benign
372,61,5.066,14,0.0373,0.0108,0.0269,7,0.0,0,0,0,0,0,0,document,fr,injection
325,46,6.065,13,0.0187,0.0,0.0338,3,0.0,0,0,1,0,0,0,web_page,fr,injection
98,16,5.125,9,0.025,0.0,0.0204,3,0.0,0,0,1,0,0,0,document,fr,benign
311,51,5.098,13,0.1984,0.0,0.0418,6,0.0,0,0,0,2,2,0,web_page,en,injection
238,34,6.0,13,0.0469,0.0126,0.0378,5,0.0,0,0,2,1,0,0,web_page,en,injection
262,44,4.955,12,0.0238,0.0,0.0305,3,0.0,0,0,0,0,0,0,web_page,en,benign
207,30,5.933,29,0.0455,0.029,0.1932,4,0.1208,25,0,0,0,0,0,code_comment,en,injection
203,30,5.767,12,0.019,0.0443,0.0246,3,0.0,0,0,4,1,0,0,support_ticket,pt,benign
138,23,5.0,12,0.0182,0.0,0.0362,3,0.0,0,0,1,2,0,0,email,en,benign
92,15,5.133,11,0.0405,0.0,0.0326,3,0.0,0,0,0,1,0,0,web_page,en,benign
254,32,6.938,45,0.0115,0.0,0.189,6,0.0787,20,0,0,0,0,0,chat_log,en,injection
125,18,5.944,12,0.0291,0.0,0.032,3,0.0,0,0,3,0,0,0,web_page,en,benign
292,44,5.568,19,0.0796,0.0137,0.0514,10,0.0,0,0,0,0,0,0,email,pt,injection
227,34,5.529,18,0.027,0.2159,0.1233,5,0.0,0,0,0,0,0,0,html_metadata,en,injection
202,34,4.618,10,0.0492,0.0149,0.1584,7,0.0,0,0,0,0,1,0,tool_output,en,injection
196,29,5.759,12,0.0387,0.0306,0.0306,3,0.0,0,0,0,0,0,0,rag_chunk,en,benign
246,33,6.121,19,0.0109,0.0,0.0691,4,0.0,0,0,3,0,0,0,code_comment,en,injection
128,18,6.111,16,0.0194,0.0156,0.0391,3,0.0,0,0,2,4,0,0,product_review,fr,benign
319,41,6.78,36,0.0233,0.0188,0.0439,3,0.0721,0,0,0,0,0,0,rag_chunk,fr,injection
185,29,5.379,10,0.0338,0.0108,0.0324,3,0.0,0,0,0,0,1,0,product_review,en,benign
193,26,6.462,35,0.0286,0.0,0.1451,6,0.0,0,0,0,0,0,0,html_metadata,en,injection
330,51,5.431,13,0.0457,0.0424,0.1303,7,0.0818,27,0,0,0,0,0,support_ticket,fr,injection
125,18,5.944,12,0.0291,0.0,0.032,3,0.0,0,0,3,0,0,0,web_page,en,benign
200,29,5.828,14,0.0316,0.01,0.045,7,0.0,0,0,0,0,0,0,email,fr,benign
213,34,5.265,17,0.0473,0.0094,0.0376,3,0.0,0,0,0,0,0,0,product_review,fr,injection
340,55,5.145,14,0.0332,0.0118,0.0235,7,0.0,0,0,0,0,0,0,document,fr,injection
315,53,4.943,12,0.0245,0.1524,0.0317,3,0.0,0,0,0,0,0,0,web_page,en,injection
191,29,5.207,13,0.0339,0.0052,0.1675,7,0.0,0,0,0,1,0,0,tool_output,en,injection
86,14,5.143,9,0.029,0.0,0.0349,3,0.0,0,0,0,0,0,0,email,en,benign
217,32,5.438,19,0.0127,0.0,0.0691,4,0.0,0,0,3,0,0,0,code_comment,en,injection
179,22,6.909,18,0.025,0.0223,0.1564,5,0.0,0,0,0,0,0,0,html_metadata,en,benign
270,45,4.956,13,0.0519,0.2037,0.0481,7,0.0,0,0,0,0,0,0,support_ticket,fr,injection
231,38,5.026,13,0.0552,0.0606,0.0563,7,0.0,0,0,0,0,0,0,support_ticket,fr,benign
227,37,5.081,13,0.0566,0.0617,0.0617,7,0.0,0,0,0,0,0,0,support_ticket,fr,benign
302,50,5.0,14,0.0375,0.0132,0.0199,7,0.0,0,0,0,0,0,0,document,fr,benign
246,44,4.545,11,0.0645,0.0203,0.0366,8,0.0,0,0,0,0,0,0,pdf_text,en,injection
152,23,5.609,11,0.0238,0.0,0.0197,3,0.0,0,0,0,1,0,0,web_page,en,benign
185,29,5.31,12,0.0699,0.0108,0.0486,7,0.0,0,0,0,0,0,0,document,en,benign
95,13,6.385,12,0.0256,0.0,0.0526,2,0.0,0,0,1,0,0,0,chat_log,en,benign
197,21,8.333,36,0.0694,0.0406,0.1168,8,0.1117,0,0,0,0,0,0,calendar_invite,en,injection
132,16,7.312,21,0.01,0.0,0.1212,4,0.0,0,0,0,0,0,0,tool_output,en,benign
248,42,4.857,10,0.0628,0.0081,0.0444,7,0.0,0,0,0,0,0,0,document,en,injection
173,22,6.636,18,0.0261,0.0231,0.1561,5,0.0,0,0,0,0,0,0,html_metadata,en,benign
194,27,6.185,32,0.035,0.0412,0.0773,3,0.0,0,1,1,0,0,0,rag_chunk,en,injection
93,16,4.812,8,0.0267,0.0,0.0215,3,0.0,0,0,0,0,0,0,document,fr,benign
311,46,5.717,16,0.0602,0.0129,0.0322,7,0.0,0,0,1,0,0,0,document,en,injection
225,35,5.429,11,0.0276,0.0089,0.0311,3,0.0,0,0,0,0,0,0,product_review,en,injection
242,32,6.562,43,0.0759,0.1818,0.0868,5,0.0,0,0,0,0,0,0,web_page,en,injection
200,35,4.743,13,0.0411,0.03,0.07,4,0.0,0,0,1,0,0,0,code_comment,en,injection
242,32,6.406,18,0.2981,0.0165,0.1653,8,0.0,0,0,0,2,0,0,html_metadata,en,injection
94,15,5.267,9,0.0263,0.0,0.0319,3,0.0,0,0,1,0,0,0,email,fr,benign
167,19,7.842,21,0.0076,0.0,0.1018,4,0.0,0,0,0,0,0,0,tool_output,en,injection
177,29,5.103,13,0.0382,0.0508,0.0395,3,0.0,0,0,3,1,0,0,support_ticket,en,benign
98,14,6.071,14,0.0247,0.0,0.0408,2,0.0,0,0,0,3,0,0,chat_log,en,benign
296,46,5.391,16,0.0383,0.0135,0.0304,7,0.0,0,0,0,0,0,0,document,fr,benign
93,18,4.167,10,0.0548,0.0,0.0215,3,0.0,0,0,2,0,0,0,email,en,benign
224,39,4.692,11,0.071,0.0223,0.0402,8,0.0,0,0,0,0,0,0,pdf_text,en,benign
183,25,5.88,19,0.0153,0.0,0.082,4,0.0,0,0,3,0,1,0,code_comment,en,benign
113,16,6.062,12,0.0215,0.0,0.0354,3,0.0,0,0,3,0,0,0,email,en,benign
167,20,7.35,30,0.1538,0.2096,0.1257,4,0.0,0,0,0,0,0,1,api_response,en,injection
192,28,5.857,10,0.0321,0.0104,0.0312,3,0.0,0,0,0,0,0,0,product_review,en,benign
251,34,6.382,43,0.0699,0.012,0.1116,5,0.0,0,1,0,0,0,0,web_page,en,injection
151,18,7.389,16,0.0857,0.0464,0.1391,4,0.0,0,0,0,0,0,0,api_response,en,benign
326,45,6.244,14,0.1873,0.0,0.0429,6,0.0,0,0,0,2,0,0,web_page,fr,injection
247,38,5.5,32,0.0417,0.0081,0.0607,3,0.0,0,1,0,0,0,0,product_review,en,injection
148,24,5.167,12,0.0167,0.0,0.027,3,0.0,0,0,1,2,0,0,document,en,benign
252,44,4.682,12,0.1135,0.0198,0.0635,8,0.0,0,0,5,0,0,0,pdf_text,en,injection
110,20,4.5,10,0.0233,0.0,0.0364,3,0.0,0,0,0,1,0,0,email,pt,benign
197,30,5.567,12,0.0123,0.0,0.0254,3,0.0,0,0,6,1,0,0,email,fr,benign
112,15,6.467,22,0.0538,0.0,0.0357,5,0.0,0,0,0,0,0,0,email,en,benign
233,35,5.657,14,0.0357,0.2189,0.03,3,0.0,0,0,0,0,0,0,product_review,en,injection
120,19,5.316,13,0.0345,0.075,0.0333,3,0.0,0,0,1,0,0,0,support_ticket,en,benign
280,45,5.178,13,0.049,0.05,0.05,7,0.0,0,0,3,0,0,0,support_ticket,fr,injection
245,33,6.424,14,0.0305,0.0245,0.0367,3,0.0,0,0,0,0,0,0,rag_chunk,fr,benign
344,54,5.333,14,0.1985,0.0116,0.0349,10,0.0,0,0,0,2,0,0,document,fr,injection
257,38,5.684,12,0.0337,0.0,0.0311,10,0.0,0,0,1,1,0,0,email,pt,injection
196,27,6.259,16,0.0786,0.0357,0.1122,4,0.0,0,0,0,0,0,0,api_response,en,injection
259,39,5.564,12,0.0574,0.0,0.0309,10,0.0734,0,0,0,2,0,0,email,pt,injection
171,28,5.107,10,0.0155,0.0,0.0819,6,0.0,0,0,0,0,1,0,chat_log,en,benign
110,16,5.875,13,0.0375,0.0818,0.0364,3,0.0,0,0,1,0,0,0,support_ticket,en,benign
125,16,6.812,13,0.0426,0.072,0.04,3,0.0,0,0,2,3,0,0,support_ticket,en,benign
266,47,4.66,12,0.0236,0.0,0.0263,3,0.0,0,0,0,0,0,0,web_page,en,benign
131,22,4.955,13,0.0316,0.0687,0.0305,3,0.0,0,0,1,0,0,0,support_ticket,en,benign
96,14,5.857,14,0.0253,0.0,0.0312,3,0.0,0,0,0,3,0,0,document,en,benign
254,41,5.146,14,0.0492,0.0551,0.0512,7,0.0,0,0,0,0,0,0,support_ticket,fr,benign
169,25,5.68,14,0.0379,0.0118,0.0473,7,0.0,0,0,0,0,0,0,email,en,benign
233,44,4.227,10,0.0634,0.1631,0.0258,10,0.0,0,0,1,0,0,0,email,en,injection
281,41,5.805,12,0.0793,0.0142,0.0249,7,0.0,0,0,5,0,0,0,document,en,injection
221,33,5.606,13,0.0393,0.0,0.0317,10,0.0,0,0,0,0,0,0,email,pt,benign
176,29,5.069,13,0.0292,0.0114,0.0455,3,0.0,0,0,0,0,0,0,product_review,fr,benign
149,26,4.731,11,0.0348,0.0134,0.0403,3,0.0,0,0,3,1,0,0,product_review,en,benign
297,50,4.94,12,0.0209,0.0,0.0269,3,0.0,0,0,0,0,0,0,web_page,en,injection
232,41,4.659,10,0.033,0.0086,0.0302,3,0.0,0,0,0,0,0,0,product_review,en,injection
224,42,4.286,11,0.0723,0.0223,0.0402,8,0.0,0,0,0,0,0,0,pdf_text,en,benign
171,23,6.435,16,0.029,0.0058,0.0468,4,0.0,0,0,0,2,0,0,support_ticket,en,injection
263,37,6.054,16,0.1773,0.0076,0.0722,8,0.0,0,0,1,2,2,0,email,fr,injection
176,24,6.25,14,0.0365,0.0114,0.0625,7,0.0,0,0,0,0,0,0,email,fr,benign
216,33,5.455,12,0.0405,0.0,0.0324,10,0.0,0,0,0,0,0,0,email,pt,benign
182,29,5.276,13,0.0278,0.011,0.0385,3,0.0,0,0,0,0,0,0,product_review,fr,benign
98,16,5.125,9,0.038,0.0,0.0306,3,0.0,0,0,0,0,0,0,web_page,en,benign
192,24,7.042,21,0.3151,0.0,0.1146,7,0.0,0,0,0,2,0,0,tool_output,en,injection
108,15,6.2,12,0.0482,0.037,0.0556,3,0.0,0,0,3,0,0,0,rag_chunk,en,benign
278,37,6.514,16,0.0217,0.0,0.0396,3,0.0,0,0,0,0,0,0,web_page,fr,benign
82,13,5.308,9,0.0312,0.0244,0.0366,3,0.0,0,0,1,0,0,0,product_review,en,benign
254,37,5.811,12,0.0899,0.0551,0.0433,7,0.0,0,0,3,0,0,0,support_ticket,pt,injection
106,15,6.067,12,0.0345,0.0,0.0377,3,0.0,0,0,0,0,0,0,web_page,fr,benign
306,19,15.053,148,0.3473,0.1111,0.0425,8,0.0,0,0,1,0,0,1,calendar_invite,en,injection
136,20,5.8,14,0.0182,0.0,0.0441,3,0.0,0,0,4,0,0,0,document,fr,benign
150,25,5.0,12,0.025,0.0,0.0333,3,0.0,0,0,1,2,0,0,web_page,en,benign
133,23,4.783,11,0.0189,0.0,0.0301,3,0.0,0,0,0,1,0,0,document,fr,benign
200,37,4.405,8,0.0246,0.175,0.03,3,0.0,0,0,0,0,0,0,product_review,en,injection
195,29,5.724,11,0.02,0.0,0.0821,6,0.0,0,0,0,0,0,0,chat_log,en,injection
105,19,4.579,10,0.0471,0.0,0.019,2,0.0,0,0,2,0,0,0,chat_log,en,benign
75,12,5.25,10,0.0328,0.0,0.0267,3,0.0,0,0,1,0,0,0,email,en,benign
93,14,5.643,13,0.026,0.0,0.0215,3,0.0,0,0,0,0,0,0,document,pt,benign
153,26,4.923,11,0.0325,0.0,0.0327,2,0.0,0,0,3,1,0,0,chat_log,en,benign
210,29,6.241,36,0.025,0.0095,0.0905,3,0.0,0,1,0,0,0,0,product_review,fr,injection
155,18,7.556,22,0.0855,0.0516,0.071,8,0.0,0,0,0,0,0,0,calendar_invite,en,benign
309,44,6.023,14,0.0241,0.0194,0.0324,3,0.0,0,0,2,2,0,0,rag_chunk,fr,injection
284,45,5.267,14,0.0398,0.0141,0.0246,7,0.0,0,0,0,0,0,0,document,fr,benign
282,48,4.833,11,0.0619,0.0177,0.0603,10,0.0,0,0,1,0,0,0,pdf_text,en,injection
236,36,5.556,13,0.0529,0.0127,0.0339,5,0.0,0,0,0,4,0,0,web_page,en,injection
84,13,5.462,9,0.0286,0.0,0.0119,3,0.0,0,0,1,0,0,0,document,en,benign
223,30,6.4,22,0.189,0.0359,0.0897,9,0.0,0,0,1,1,2,0,calendar_invite,en,injection
191,31,5.097,11,0.0748,0.0105,0.0471,7,0.0,0,0,0,0,0,0,document,en,benign
204,32,5.375,12,0.018,0.0,0.0245,3,0.0,0,0,6,1,0,0,web_page,fr,benign
297,54,4.463,11,0.0642,0.0168,0.0606,8,0.0,0,0,0,0,0,0,pdf_text,en,injection
96,15,5.4,9,0.0253,0.0,0.0208,3,0.0,0,0,0,0,0,0,document,en,benign
196,21,8.381,35,0.0221,0.0,0.1888,8,0.0,0,0,3,1,6,0,html_metadata,en,injection
300,40,6.5,13,0.0516,0.0,0.0267,3,0.0667,0,0,0,0,0,0,web_page,fr,injection
377,48,6.854,39,0.0164,0.0027,0.0637,3,0.0,0,0,2,2,0,0,web_page,fr,injection
162,22,6.318,22,0.0833,0.0494,0.0679,8,0.0,0,0,0,0,1,0,calendar_invite,en,benign
184,28,5.571,12,0.0196,0.0,0.0163,3,0.0,0,0,6,1,0,0,web_page,en,benign
102,14,6.286,12,0.0488,0.0294,0.0294,3,0.0,0,0,2,0,0,0,document,en,benign
155,19,7.211,35,0.0268,0.0,0.1613,6,0.0,0,0,0,0,0,0,html_metadata,en,benign
102,16,5.375,10,0.0723,0.0,0.0294,3,0.0,0,0,1,0,0,0,web_page,en,benign
240,42,4.667,11,0.1154,0.0208,0.0375,8,0.0,0,0,3,0,0,0,pdf_text,en,injection
183,18,9.167,41,0.0236,0.0055,0.1967,4,0.1038,19,0,0,0,0,0,support_ticket,en,injection
203,30,5.767,11,0.0127,0.0,0.0739,6,0.0,0,0,0,0,0,0,chat_log,en,injection
314,46,5.826,14,0.0238,0.0191,0.0318,3,0.0,0,0,1,1,0,0,rag_chunk,fr,injection
214,36,4.944,17,0.0471,0.0093,0.028,3,0.0,0,0,0,0,0,0,product_review,en,injection
186,22,7.5,24,0.0069,0.0,0.1075,4,0.0,0,1,0,0,0,0,tool_output,en,injection
249,42,4.881,12,0.1152,0.0201,0.0361,8,0.0,0,0,4,0,0,0,pdf_text,en,injection
139,26,4.346,9,0.0183,0.0144,0.0144,3,0.0,0,0,1,1,0,0,email,en,benign
228,33,5.848,12,0.0539,0.0614,0.0482,7,0.0,0,0,0,0,0,0,support_ticket,pt,benign
93,14,5.714,10,0.0256,0.0,0.0215,2,0.0,0,0,0,0,0,0,chat_log,en,benign
355,52,5.788,43,0.0468,0.0113,0.0535,7,0.0,0,1,0,0,0,0,document,fr,injection
314,50,5.24,16,0.1778,0.0446,0.0701,8,0.0,0,0,1,2,2,0,support_ticket,fr,injection
237,39,5.077,32,0.0389,0.0084,0.0675,3,0.0,0,1,0,0,0,0,product_review,fr,injection
229,33,5.879,14,0.033,0.0087,0.0437,7,0.0,0,0,0,4,0,0,email,fr,injection
309,47,5.574,13,0.0276,0.0,0.0259,3,0.0,0,0,0,0,0,0,web_page,pt,injection
94,13,6.231,12,0.0571,0.0426,0.0745,3,0.0,0,0,1,0,0,0,rag_chunk,en,benign
265,42,5.31,13,0.0288,0.0226,0.034,3,0.0,0,0,1,1,0,0,rag_chunk,en,injection
223,35,5.371,10,0.0115,0.0,0.0628,6,0.0,0,0,2,0,0,0,chat_log,en,injection
324,29,10.172,152,0.2584,0.0648,0.0216,3,0.0,0,0,1,0,0,1,product_review,en,injection
303,51,4.902,13,0.0457,0.0462,0.0528,7,0.0891,0,0,0,0,0,0,support_ticket,fr,injection
342,53,5.415,14,0.0522,0.0117,0.0439,7,0.0,0,0,0,5,0,0,document,fr,injection
229,33,5.939,13,0.0447,0.0262,0.048,3,0.0,0,0,0,0,0,0,rag_chunk,en,injection
294,24,11.167,128,0.2958,0.0544,0.0408,7,0.0,0,0,1,0,0,1,email,fr,injection
225,31,6.258,27,0.0345,0.0,0.0889,6,0.0,0,1,1,0,0,0,chat_log,en,injection
183,22,7.091,18,0.024,0.0219,0.1475,5,0.0,0,0,0,0,0,0,html_metadata,en,benign
285,41,5.902,14,0.0649,0.014,0.0246,7,0.0,0,0,1,5,0,0,document,en,injection
165,23,6.087,14,0.0385,0.0121,0.0485,7,0.0,0,0,0,0,0,0,email,en,benign
302,46,5.522,43,0.0578,0.0199,0.0762,8,0.0,0,0,1,1,0,0,pdf_text,en,injection
232,37,5.27,14,0.2722,0.0086,0.056,6,0.0,0,0,0,2,0,0,product_review,fr,injection
336,48,6.0,40,0.0338,0.003,0.0625,3,0.0,0,0,1,3,0,0,web_page,en,injection
223,34,5.559,12,0.0333,0.009,0.0314,3,0.0,0,0,1,1,0,0,product_review,en,injection
288,41,6.024,14,0.0258,0.0208,0.0278,3,0.0,0,0,0,0,0,0,rag_chunk,fr,injection
229,39,4.821,12,0.0568,0.0087,0.0437,7,0.0,0,0,0,0,0,0,document,en,injection
341,50,5.78,27,0.0476,0.0117,0.0352,7,0.0,0,1,1,0,0,0,document,fr,injection
210,28,6.464,22,0.0621,0.0381,0.0571,8,0.0,0,0,0,0,0,0,calendar_invite,en,injection
293,27,9.889,156,0.3853,0.0751,0.0478,4,0.0,0,0,1,0,0,1,code_comment,en,injection
88,15,4.867,11,0.0615,0.0455,0.0455,3,0.0,0,0,0,0,0,0,rag_chunk,en,benign
195,23,7.478,19,0.0217,0.0051,0.1641,4,0.1333,26,0,0,0,0,0,support_ticket,en,injection
265,45,4.844,11,0.0542,0.0075,0.0491,7,0.0,0,0,0,0,0,0,document,en,injection
89,16,4.562,7,0.1268,0.0,0.0225,3,0.0,0,0,0,0,0,0,web_page,en,benign
258,36,6.167,14,0.0287,0.0233,0.0271,3,0.0,0,0,0,0,0,0,rag_chunk,fr,benign
211,28,6.571,35,0.0192,0.0,0.1327,6,0.0,0,0,1,0,0,0,html_metadata,en,injection
179,21,7.524,16,0.0238,0.0056,0.1676,4,0.1397,25,0,0,0,0,0,support_ticket,en,injection
255,38,5.711,37,0.0518,0.0078,0.0863,3,0.0,0,0,3,0,0,0,web_page,en,injection
156,21,6.429,22,0.0462,0.0,0.0321,5,0.0,0,0,0,0,0,0,email,en,injection
207,24,7.583,22,0.1379,0.0386,0.1401,8,0.087,18,0,1,0,0,0,calendar_invite,en,injection
213,28,6.643,21,0.0769,0.0188,0.1174,4,0.0,0,0,0,0,0,0,tool_output,en,injection
302,50,5.04,12,0.0206,0.0,0.0298,3,0.0,0,0,1,1,0,0,web_page,en,injection
318,41,6.756,14,0.0687,0.0063,0.0409,3,0.0,0,0,1,2,0,0,web_page,fr,injection
171,29,4.931,28,0.1134,0.1988,0.0702,4,0.0,0,0,0,0,0,1,code_comment,en,injection
244,40,5.1,19,0.0734,0.0164,0.0943,6,0.0,0,0,0,0,0,0,chat_log,en,injection
189,27,5.926,14,0.0336,0.0106,0.0476,7,0.0,0,0,0,0,0,0,email,fr,benign
249,30,7.267,22,0.0794,0.3173,0.0522,8,0.0,0,0,0,0,0,0,calendar_invite,en,injection
343,48,6.146,16,0.0212,0.0,0.035,3,0.0,0,0,0,0,0,0,web_page,fr,injection
341,53,5.396,10,0.139,0.0117,0.0674,8,0.0,0,0,2,0,5,0,document,en,injection
297,37,7.027,15,0.0611,0.0202,0.0842,3,0.0606,18,0,0,0,0,0,rag_chunk,fr,injection
312,48,5.458,19,0.0991,0.0577,0.0673,7,0.0,0,0,0,0,0,0,support_ticket,en,injection
154,18,7.611,35,0.0357,0.0,0.1623,6,0.0,0,0,0,0,0,0,html_metadata,en,benign
105,13,7.077,16,0.0465,0.0095,0.0381,4,0.0,0,0,0,0,0,0,support_ticket,en,benign
124,21,4.905,12,0.02,0.0,0.0242,3,0.0,0,0,4,0,0,0,email,en,benign
228,36,5.333,13,0.0221,0.0088,0.0395,3,0.0,0,0,1,0,0,0,product_review,fr,injection
337,37,8.054,124,0.2804,0.0475,0.0326,8,0.0,0,0,1,0,0,1,pdf_text,en,injection
141,18,6.833,22,0.161,0.0,0.0355,5,0.0,0,0,0,0,1,0,email,en,injection
225,35,5.343,12,0.0387,0.0,0.0267,10,0.0,0,0,0,0,0,0,email,pt,benign
148,20,6.4,16,0.09,0.0473,0.1419,4,0.0,0,0,1,0,0,0,api_response,en,benign
236,39,5.051,13,0.0216,0.0085,0.0424,3,0.0,0,0,2,2,0,0,product_review,fr,injection
130,21,5.19,18,0.0189,0.0,0.0231,3,0.0,0,0,0,2,0,0,document,en,benign
248,38,5.526,13,0.0303,0.0081,0.0403,3,0.0,0,0,0,0,0,0,product_review,fr,injection
113,17,5.647,16,0.0333,0.0088,0.0354,4,0.0,0,0,0,0,0,0,support_ticket,en,benign
232,32,6.188,13,0.0643,0.0603,0.0517,7,0.0,0,0,0,0,0,0,support_ticket,en,benign
254,39,5.436,12,0.039,0.0,0.0276,10,0.0,0,0,0,1,0,0,email,pt,injection
98,15,5.533,14,0.038,0.0,0.0408,3,0.0,0,0,0,3,0,0,web_page,en,benign
163,28,4.821,12,0.0709,0.0061,0.0429,3,0.0,0,0,0,0,0,0,web_page,en,benign
104,15,5.933,12,0.061,0.0288,0.0385,3,0.0,0,0,2,0,0,0,web_page,en,benign
97,17,4.706,11,0.0513,0.0,0.0206,3,0.0,0,0,1,0,0,0,email,pt,benign
140,17,7.235,26,0.1028,0.0571,0.05,3,0.0,0,0,6,0,0,0,rag_chunk,en,injection
255,45,4.622,11,0.0677,0.0196,0.0431,8,0.0,0,0,3,0,0,0,pdf_text,en,injection
245,42,4.786,13,0.0517,0.0571,0.049,7,0.0,0,0,0,0,0,0,support_ticket,fr,benign
102,16,5.375,10,0.0723,0.0,0.0294,3,0.0,0,0,1,0,0,0,web_page,en,benign
146,19,6.684,16,0.0918,0.0479,0.1507,4,0.0,0,0,0,0,0,0,api_response,en,benign
183,27,5.778,12,0.0142,0.0,0.082,6,0.0,0,0,0,0,0,0,chat_log,en,benign
95,15,5.333,10,0.0385,0.0,0.0211,3,0.0,0,0,0,0,0,0,web_page,en,benign
285,46,5.13,13,0.031,0.0,0.0351,10,0.0,0,0,1,0,0,0,email,fr,injection
396,37,9.649,176,0.301,0.0884,0.0303,7,0.0,0,0,1,0,0,1,support_ticket,fr,injection
284,41,5.878,27,0.0619,0.0493,0.0563,7,0.0,0,1,1,0,0,0,support_ticket,pt,injection
206,30,5.867,12,0.0366,0.0291,0.0291,3,0.0,0,0,0,0,0,0,rag_chunk,en,benign
199,34,4.853,14,0.0573,0.005,0.0352,3,0.0,0,0,0,1,0,0,web_page,en,injection
204,35,4.857,12,0.2252,0.0294,0.0637,4,0.0,0,0,2,1,0,0,code_comment,en,injection
93,16,4.812,9,0.058,0.043,0.043,3,0.0,0,0,0,0,0,0,rag_chunk,en,benign
113,18,5.278,13,0.037,0.0796,0.0354,3,0.0,0,0,0,0,0,0,support_ticket,en,benign
286,45,5.289,14,0.2311,0.0,0.0455,13,0.0699,0,0,0,0,0,0,email,fr,injection
178,31,4.742,8,0.0286,0.0112,0.0281,3,0.0,0,0,0,0,0,0,product_review,en,benign
206,36,4.639,10,0.0563,0.0049,0.0291,10,0.0,0,0,1,0,0,0,email,en,benign
209,32,5.469,14,0.0373,0.0096,0.0574,7,0.0,0,0,0,0,0,0,email,en,injection
152,19,7.053,35,0.0275,0.0,0.1645,6,0.0,0,0,0,0,0,0,html_metadata,en,benign
240,40,4.95,13,0.0526,0.0583,0.05,7,0.0,0,0,0,0,0,0,support_ticket,fr,benign
266,40,5.6,10,0.0654,0.015,0.0226,7,0.0,0,0,1,0,0,0,document,en,injection
102,17,5.0,13,0.038,0.0196,0.0392,3,0.0,0,0,2,0,0,0,web_page,en,benign
105,16,5.562,13,0.0357,0.0,0.0476,3,0.0,0,0,1,0,0,0,web_page,en,benign
184,29,5.345,16,0.028,0.0109,0.0543,3,0.0,0,0,0,0,0,0,product_review,fr,benign
178,21,7.476,16,0.0238,0.0056,0.1629,4,0.1348,24,0,0,0,0,0,support_ticket,en,injection
311,49,5.306,14,0.0361,0.0129,0.0225,7,0.0,0,0,0,0,0,0,document,fr,benign
205,27,6.407,18,0.0211,0.0195,0.1317,5,0.0,0,0,0,0,0,0,html_metadata,en,injection
231,28,7.214,22,0.0617,0.0346,0.1385,8,0.0866,20,0,0,0,0,0,calendar_invite,en,injection
106,17,5.294,10,0.0227,0.0,0.0189,2,0.0,0,0,1,0,0,0,chat_log,en,benign
278,29,8.586,112,0.2455,0.0576,0.0324,3,0.0,0,0,1,0,0,1,web_page,en,injection
238,34,6.0,39,0.0221,0.0084,0.0882,3,0.0,0,1,0,0,0,0,product_review,fr,injection
107,20,4.35,9,0.0353,0.0,0.0187,3,0.0,0,0,1,0,0,0,web_page,en,benign
180,25,6.12,14,0.0355,0.0111,0.0556,7,0.0,0,0,0,0,0,0,email,fr,benign
162,22,6.409,35,0.0259,0.0,0.1543,6,0.0,0,0,0,0,0,0,html_metadata,en,benign
95,13,6.308,14,0.0253,0.0,0.0316,3,0.0,0,0,1,1,0,0,document,pt,benign
235,35,5.657,16,0.0269,0.0085,0.0426,7,0.0,0,0,0,0,0,0,email,en,injection
228,41,4.488,9,0.0508,0.0044,0.0263,10,0.0789,0,0,1,0,0,0,email,en,injection
283,45,5.244,13,0.0516,0.2332,0.0495,7,0.0,0,0,0,0,0,0,support_ticket,fr,injection
229,39,4.872,10,0.033,0.0087,0.0262,3,0.1004,0,0,0,0,0,0,product_review,en,injection
214,38,4.579,11,0.075,0.0234,0.0421,8,0.0,0,0,0,0,0,0,pdf_text,en,benign
113,13,7.692,26,0.0357,0.0708,0.0619,3,0.0,0,0,1,0,0,0,rag_chunk,en,benign
136,22,5.227,12,0.0179,0.0,0.0221,2,0.0,0,0,4,0,0,0,chat_log,en,benign
152,20,6.6,26,0.0174,0.0526,0.0526,3,0.0,0,0,1,0,0,0,rag_chunk,en,injection
84,14,5.0,8,0.1159,0.0,0.0119,3,0.0,0,0,0,0,0,0,document,pt,benign
239,38,5.237,16,0.0533,0.0586,0.0628,7,0.0,0,0,0,0,0,0,support_ticket,fr,benign
324,51,5.314,14,0.0709,0.0123,0.0401,7,0.0,0,0,4,0,0,0,document,fr,injection
185,27,5.852,11,0.0676,0.0162,0.0378,5,0.0,0,0,0,0,0,0,web_page,en,benign
231,34,5.471,19,0.0118,0.0,0.0649,4,0.0,0,0,3,0,0,0,code_comment,en,injection
184,26,6.077,26,0.0143,0.0435,0.0489,3,0.0,0,0,1,0,0,0,rag_chunk,en,injection
262,46,4.652,11,0.0859,0.0191,0.042,8,0.0,0,0,1,4,0,0,pdf_text,en,injection
151,28,4.393,9,0.0252,0.0132,0.0132,3,0.0,0,0,1,1,0,0,web_page,en,benign
93,15,5.2,9,0.0395,0.0,0.0215,3,0.0,0,0,0,0,0,0,web_page,en,benign
192,29,5.241,13,0.025,0.0052,0.1615,7,0.0,0,0,0,0,0,0,tool_output,en,injection
107,15,6.133,12,0.0225,0.0,0.028,3,0.0,0,0,3,0,0,0,document,en,benign
98,16,5.125,9,0.038,0.0,0.0306,3,0.0,0,0,0,0,0,0,web_page,en,benign
151,26,4.808,11,0.0331,0.0,0.0265,3,0.0,0,0,3,1,0,0,document,en,benign
244,40,5.05,10,0.0524,0.0082,0.0369,7,0.0,0,0,2,0,0,0,document,en,injection
125,20,5.25,11,0.0333,0.072,0.04,3,0.0,0,0,1,0,0,0,support_ticket,fr,benign
207,33,5.273,12,0.0368,0.0097,0.0435,3,0.0,0,0,0,0,0,0,product_review,en,injection
366,28,12.071,204,0.3311,0.0792,0.0273,3,0.0,0,0,1,0,0,1,product_review,fr,injection
255,45,4.622,12,0.0649,0.0196,0.0706,8,0.0,0,0,0,0,0,0,pdf_text,en,injection
226,36,5.194,13,0.0393,0.0,0.0398,10,0.0,0,0,0,0,0,0,email,fr,benign
169,21,7.048,22,0.1387,0.0118,0.0533,5,0.0,0,0,1,3,0,0,email,en,injection
188,26,6.231,16,0.1061,0.0372,0.1223,4,0.0,0,0,1,4,0,0,api_response,en,injection
117,17,5.882,13,0.0349,0.0769,0.0342,3,0.0,0,0,0,0,0,0,support_ticket,en,benign
327,54,5.019,19,0.0866,0.055,0.0642,7,0.0,0,0,0,0,0,0,support_ticket,fr,injection
266,36,6.389,13,0.0227,0.0,0.0376,3,0.0,0,0,0,0,0,0,web_page,fr,benign
196,33,4.939,13,0.026,0.0102,0.0357,3,0.0,0,0,0,0,0,0,product_review,fr,benign
206,27,6.63,36,0.0131,0.0,0.1262,6,0.0,0,1,0,0,0,0,chat_log,en,injection
235,35,5.657,13,0.0526,0.0596,0.0511,7,0.0,0,0,0,0,0,0,support_ticket,pt,benign
205,32,5.406,13,0.0377,0.0098,0.0585,3,0.0,0,0,0,0,0,0,product_review,fr,injection
167,19,7.842,35,0.0244,0.0,0.1557,6,0.0,0,0,0,0,0,0,html_metadata,en,benign
220,35,5.286,18,0.0581,0.0045,0.1182,5,0.0,0,0,3,1,6,0,web_page,en,injection
177,31,4.742,13,0.0645,0.0339,0.096,4,0.0,0,0,0,0,0,0,code_comment,en,injection
191,25,6.64,16,0.0667,0.0366,0.1257,4,0.0,0,0,1,1,0,0,api_response,en,injection
183,27,5.778,12,0.0272,0.0219,0.0273,3,0.0,0,0,6,1,0,0,rag_chunk,en,benign
148,23,5.435,10,0.0244,0.0,0.0135,3,0.0,0,0,0,1,0,0,web_page,en,benign
221,29,6.586,22,0.0588,0.0362,0.0588,8,0.0,0,0,1,0,0,0,calendar_invite,en,injection
266,36,6.389,13,0.0226,0.0,0.0338,3,0.0,0,0,0,0,0,0,web_page,fr,benign
239,37,5.405,12,0.0517,0.0586,0.046,7,0.0,0,0,0,0,0,0,support_ticket,pt,benign
175,22,6.955,16,0.0726,0.04,0.1257,4,0.0,0,0,0,0,0,0,api_response,en,injection
235,34,5.882,22,0.125,0.0511,0.0851,8,0.0,0,0,0,0,0,0,calendar_invite,en,injection
175,22,7.0,35,0.0236,0.0,0.1543,6,0.0,0,0,0,0,0,0,html_metadata,en,injection
247,35,6.057,14,0.0994,0.0162,0.1093,3,0.0607,15,0,0,3,0,0,product_review,fr,injection
307,41,6.439,43,0.067,0.0456,0.0814,7,0.0,0,1,0,0,0,0,support_ticket,en,injection
228,28,6.964,18,0.0185,0.0175,0.1272,5,0.0,0,0,2,1,0,0,html_metadata,en,injection
218,26,6.962,25,0.0161,0.1743,0.0826,4,0.0,0,0,3,0,0,0,code_comment,en,injection
304,44,5.864,13,0.0538,0.0461,0.0658,9,0.0,0,0,1,0,0,0,support_ticket,en,injection
265,43,5.093,17,0.0521,0.0038,0.0264,10,0.0,0,0,1,0,0,0,email,en,injection
154,28,4.536,10,0.055,0.039,0.0779,4,0.0,0,0,0,0,0,0,code_comment,en,benign
206,29,6.103,25,0.0125,0.0,0.0825,6,0.0,0,0,0,0,0,0,chat_log,en,injection
255,44,4.75,11,0.067,0.0196,0.0392,8,0.0,0,0,0,6,0,0,pdf_text,en,injection
303,51,4.902,13,0.0457,0.0462,0.0528,7,0.0,0,0,0,0,0,0,support_ticket,fr,injection
321,43,6.465,14,0.0299,0.2087,0.0312,3,0.0,0,0,0,0,0,0,rag_chunk,fr,injection
173,22,6.864,16,0.0932,0.0405,0.1503,4,0.0,0,0,0,0,0,0,api_response,en,injection
298,44,5.727,12,0.0491,0.047,0.0436,7,0.0,0,0,0,0,0,0,support_ticket,pt,injection
318,44,6.227,14,0.0309,0.0189,0.0283,3,0.0,0,0,0,0,0,0,rag_chunk,fr,injection
340,53,5.377,14,0.033,0.0118,0.0235,7,0.0,0,0,1,0,0,0,document,fr,injection
326,53,5.094,19,0.072,0.0123,0.0491,10,0.0,0,0,0,0,0,0,email,fr,injection
132,18,6.333,22,0.0463,0.0,0.0455,5,0.0,0,0,0,0,0,0,email,en,injection
160,20,7.05,35,0.0259,0.0,0.1562,6,0.0,0,0,1,0,0,0,html_metadata,en,benign
308,20,14.15,137,0.2771,0.0779,0.0909,5,0.0,0,0,1,0,0,1,html_metadata,en,injection
167,26,5.423,10,0.0157,0.0,0.0838,6,0.0,0,0,0,0,0,0,chat_log,en,benign
291,40,6.275,14,0.0254,0.0206,0.0309,3,0.0,0,0,1,1,0,0,rag_chunk,fr,injection
164,21,6.762,22,0.0813,0.0488,0.0671,8,0.0,0,0,0,0,0,0,calendar_invite,en,benign
204,32,5.312,12,0.0633,0.0098,0.049,7,0.0,0,0,0,0,0,0,document,en,benign
88,15,4.867,9,0.1538,0.0455,0.0455,3,0.0,0,0,0,0,0,0,rag_chunk,en,benign
293,40,6.325,14,0.0205,0.0,0.0307,3,0.0,0,0,0,0,0,0,web_page,fr,benign
187,23,7.174,21,0.3169,0.0,0.1176,7,0.0,0,0,0,2,2,0,tool_output,en,injection
120,20,5.0,11,0.0357,0.075,0.05,3,0.0,0,0,0,0,0,0,support_ticket,fr,benign
331,46,6.196,13,0.0187,0.0,0.0514,3,0.0,0,0,1,0,0,0,web_page,fr,injection
102,16,5.438,13,0.0247,0.0196,0.0392,2,0.0,0,0,2,0,0,0,chat_log,en,benign
215,36,4.972,13,0.0237,0.0093,0.0372,3,0.0,0,0,0,0,0,0,product_review,fr,injection
240,35,5.857,21,0.122,0.0458,0.125,4,0.0,0,0,0,0,0,0,api_response,en,injection
136,24,4.667,11,0.028,0.0,0.0368,3,0.0,0,0,0,1,0,0,web_page,fr,benign
256,41,5.195,12,0.1762,0.0078,0.0703,8,0.0,0,0,1,1,3,0,document,en,injection
143,19,6.526,16,0.0938,0.049,0.1469,4,0.0,0,0,0,0,0,0,api_response,en,benign
225,34,5.559,14,0.0565,0.0089,0.0444,7,0.0,0,0,1,5,0,0,email,en,injection
142,21,5.762,22,0.069,0.0,0.0352,5,0.0,0,0,0,0,0,0,email,en,injection
271,40,5.7,14,0.2407,0.0,0.0443,13,0.0,0,0,0,2,0,0,email,pt,injection
239,28,7.143,43,0.0353,0.0,0.1213,4,0.0,0,1,3,0,0,0,code_comment,en,injection
221,29,6.241,19,0.0183,0.0,0.0724,4,0.0,0,0,3,6,0,0,code_comment,en,injection
173,27,5.0,15,0.0505,0.0058,0.2023,7,0.0,0,0,0,0,0,0,tool_output,en,injection
304,47,5.426,41,0.0531,0.0197,0.0757,8,0.0,0,0,0,0,0,0,pdf_text,en,injection
310,24,11.833,144,0.2609,0.0645,0.0355,7,0.0,0,0,1,0,0,1,email,fr,injection
243,42,4.738,12,0.1135,0.0206,0.037,8,0.0,0,0,5,0,0,0,pdf_text,en,injection
89,16,4.562,11,0.0423,0.0,0.0225,3,0.0,0,0,0,0,0,0,web_page,en,benign
184,27,5.852,12,0.0129,0.0,0.0163,2,0.0,0,0,6,1,0,0,chat_log,en,benign
322,28,10.5,160,0.3011,0.0528,0.0248,3,0.0,0,0,1,0,0,1,product_review,fr,injection
207,33,5.273,13,0.0432,0.0097,0.0483,3,0.0,0,0,0,0,0,0,product_review,en,injection
230,38,5.0,10,0.0562,0.0087,0.0435,7,0.1043,0,0,0,0,0,0,document,en,injection
237,36,5.583,10,0.0259,0.0084,0.0253,3,0.0,0,0,2,0,0,0,product_review,en,injection
92,16,4.75,8,0.0267,0.0,0.0109,3,0.0,0,0,0,0,0,0,document,en,benign
97,15,5.467,9,0.0548,0.0412,0.0515,3,0.0,0,0,0,0,0,0,rag_chunk,en,benign
235,36,5.528,12,0.1477,0.0,0.0979,7,0.0,0,0,1,1,3,0,chat_log,en,injection
107,15,6.133,11,0.0488,0.0374,0.0561,3,0.0,0,0,0,1,0,0,rag_chunk,en,benign
221,34,5.5,13,0.0511,0.009,0.0407,3,0.0,0,0,0,5,0,0,product_review,fr,injection
236,33,5.818,19,0.0172,0.0,0.072,4,0.0,0,0,3,0,0,0,code_comment,en,injection
181,30,5.033,11,0.0226,0.0608,0.0331,3,0.0,0,0,1,2,0,0,support_ticket,fr,benign
291,14,19.857,160,0.3197,0.0515,0.0619,4,0.0,0,0,1,0,0,1,tool_output,en,injection
228,34,5.706,10,0.0272,0.0088,0.0351,3,0.0,0,0,1,1,0,0,product_review,en,injection
133,18,6.389,16,0.027,0.0,0.0301,3,0.0,0,0,2,4,0,0,web_page,fr,benign
170,26,5.538,11,0.0231,0.0,0.0824,6,0.0,0,0,0,0,0,0,chat_log,en,benign
130,17,6.647,16,0.0182,0.0,0.0231,3,0.0,0,0,2,4,0,0,document,fr,benign
260,40,5.425,13,0.0714,0.0,0.0269,10,0.0,0,0,4,0,0,0,email,fr,injection
151,18,7.444,35,0.0275,0.0,0.1656,6,0.0,0,0,0,0,0,0,html_metadata,en,benign
271,44,5.114,10,0.0654,0.0148,0.0258,7,0.0,0,0,1,0,0,0,document,en,injection
304,20,14.15,152,0.3237,0.0987,0.0395,8,0.0,0,0,1,0,0,1,calendar_invite,en,injection
120,20,5.0,11,0.0353,0.075,0.0417,3,0.0,0,0,0,0,0,0,support_ticket,fr,benign
177,34,4.235,9,0.0632,0.2034,0.0734,4,0.0,0,0,0,0,0,0,code_comment,en,injection
154,26,4.923,9,0.0163,0.013,0.0195,3,0.0,0,0,1,2,0,0,document,fr,benign
247,37,5.676,11,0.1314,0.2308,0.0648,6,0.0,0,0,0,0,2,0,web_page,en,injection
259,39,5.564,12,0.0574,0.0,0.0309,10,0.0,0,0,1,4,0,0,email,pt,injection
104,17,5.118,10,0.0244,0.0192,0.0288,3,0.0,0,0,1,0,0,0,product_review,en,benign
190,22,7.682,21,0.0093,0.2316,0.0895,4,0.0,0,0,0,0,0,0,tool_output,en,injection
189,28,5.75,10,0.06,0.0159,0.0423,5,0.0,0,0,0,0,0,0,web_page,en,benign
297,48,5.146,14,0.038,0.0135,0.0202,7,0.0,0,0,0,0,0,0,document,fr,benign
314,40,6.85,17,0.0309,0.0191,0.0287,3,0.0,0,0,0,0,0,0,rag_chunk,fr,injection
105,15,6.067,13,0.0233,0.0,0.0476,2,0.0,0,0,1,0,0,0,chat_log,en,benign
89,15,5.0,10,0.1096,0.0,0.0225,2,0.0,0,0,0,0,0,0,chat_log,en,benign
326,46,6.087,19,0.0669,0.0307,0.0491,3,0.0,0,0,0,0,0,0,rag_chunk,fr,injection
201,30,5.7,10,0.0385,0.0,0.0746,6,0.0,0,0,1,3,0,0,chat_log,en,injection
206,39,4.205,9,0.0573,0.0049,0.0291,10,0.0,0,0,1,0,0,0,email,en,benign
104,17,5.118,9,0.0233,0.0,0.0096,3,0.0,0,0,1,0,0,0,document,en,benign
250,46,4.391,11,0.0638,0.02,0.036,8,0.0,0,0,1,0,0,0,pdf_text,en,injection
188,23,7.217,21,0.0068,0.0,0.0957,4,0.1064,0,0,0,0,0,0,tool_output,en,injection
134,15,8.0,21,0.0194,0.0,0.1194,4,0.0,0,0,0,0,0,0,tool_output,en,benign
313,43,6.279,14,0.0277,0.0192,0.0351,3,0.0,0,0,0,2,0,0,rag_chunk,fr,injection
96,16,5.062,10,0.0253,0.0,0.0208,2,0.0,0,0,1,0,0,0,chat_log,en,benign
246,37,5.649,12,0.0248,0.0,0.0285,3,0.0,0,0,0,0,0,0,web_page,pt,benign
220,30,6.333,25,0.0279,0.0091,0.0409,3,0.0,0,0,0,0,0,0,product_review,en,injection
152,23,5.609,11,0.0238,0.0,0.0197,3,0.0,0,0,0,1,0,0,web_page,en,benign
222,25,7.88,17,0.0803,0.0315,0.2387,4,0.1306,29,0,0,0,0,0,api_response,en,injection
98,15,5.533,14,0.038,0.0,0.0408,3,0.0,0,0,0,3,0,0,web_page,en,benign
239,37,5.459,11,0.0474,0.0126,0.0377,5,0.0,0,0,0,0,0,0,web_page,en,injection
322,24,12.333,156,0.3057,0.059,0.0373,7,0.0,0,0,1,0,0,1,email,fr,injection
221,37,4.973,24,0.0523,0.0045,0.0498,3,0.0,0,1,0,0,0,0,web_page,en,injection
283,47,4.979,13,0.0439,0.0495,0.0495,7,0.0,0,0,0,0,0,0,support_ticket,fr,injection
230,35,5.514,12,0.0542,0.0609,0.0522,7,0.0,0,0,0,0,0,0,support_ticket,pt,benign
132,20,5.6,13,0.0306,0.0682,0.0303,3,0.0,0,0,1,0,0,0,support_ticket,en,benign
392,32,11.25,148,0.2584,0.0587,0.0204,3,0.0,0,0,1,0,0,1,rag_chunk,fr,injection
244,42,4.738,12,0.0794,0.0041,0.0369,10,0.0,0,0,2,1,0,0,email,en,injection
241,31,6.613,18,0.0241,0.0166,0.1452,7,0.0,0,0,1,0,0,0,html_metadata,en,injection
317,26,11.192,136,0.2652,0.0631,0.0221,3,0.0,0,0,1,0,0,1,product_review,en,injection
208,30,5.933,13,0.0184,0.0433,0.024,3,0.0,0,0,6,1,0,0,support_ticket,en,benign
174,27,5.444,13,0.0231,0.0517,0.0402,3,0.0,0,0,1,2,0,0,support_ticket,en,benign
174,21,7.238,22,0.0758,0.046,0.069,8,0.0,0,0,0,0,0,0,calendar_invite,en,benign
193,24,7.0,22,0.1208,0.0415,0.057,8,0.0,0,0,4,0,0,0,calendar_invite,en,injection
287,42,5.786,14,0.0512,0.0488,0.0453,7,0.0,0,0,0,0,0,0,support_ticket,en,injection
286,29,8.862,120,0.2716,0.0524,0.035,3,0.0,0,0,1,0,0,1,web_page,en,injection
199,32,5.219,14,0.0255,0.0101,0.0402,3,0.0,0,0,0,0,0,0,product_review,fr,benign
301,47,5.362,13,0.0541,0.0465,0.0498,7,0.0,0,0,1,0,0,0,support_ticket,en,injection
258,46,4.565,13,0.0612,0.0194,0.0349,8,0.0,0,0,0,0,0,0,pdf_text,en,injection
232,35,5.629,43,0.0444,0.1853,0.0819,3,0.0,0,0,0,0,0,0,product_review,en,injection
277,44,5.25,43,0.0792,0.0181,0.0866,8,0.0,0,1,0,0,0,0,pdf_text,en,injection
301,45,5.644,36,0.0536,0.2193,0.0631,7,0.0,0,0,0,0,0,0,support_ticket,fr,injection
302,54,4.556,11,0.0614,0.0166,0.043,8,0.0,0,0,0,0,0,0,pdf_text,en,injection
287,17,15.882,150,0.3822,0.0767,0.0801,4,0.0,0,0,1,0,0,1,api_response,en,injection
93,14,5.643,13,0.027,0.0,0.0538,3,0.0,0,0,1,0,0,0,email,en,benign
215,33,5.515,13,0.018,0.0,0.0698,6,0.0,0,0,0,0,0,0,chat_log,en,injection
170,23,6.391,16,0.2045,0.0059,0.0765,5,0.0,0,0,1,1,3,0,support_ticket,en,injection
130,16,7.125,16,0.0377,0.0077,0.0462,4,0.0,0,0,0,0,0,0,support_ticket,en,injection
266,14,18.0,164,0.3938,0.0789,0.0188,5,0.0,0,0,1,0,0,1,email,en,injection
103,15,5.867,13,0.0238,0.0,0.0388,3,0.0,0,0,1,0,0,0,document,en,benign
259,45,4.711,11,0.0808,0.0193,0.0347,8,0.0,0,0,1,4,0,0,pdf_text,en,injection
89,15,4.933,8,0.0282,0.0,0.0337,3,0.0,0,0,0,0,0,0,email,fr,benign
223,33,5.758,13,0.0115,0.0,0.0717,6,0.0,0,0,2,1,0,0,chat_log,en,injection
142,18,6.889,22,0.0609,0.0,0.0634,5,0.0,0,0,0,0,0,0,email,en,injection
250,41,5.049,11,0.0532,0.008,0.068,7,0.0,0,0,1,0,0,0,document,en,injection
90,15,5.0,13,0.029,0.0222,0.0444,3,0.0,0,0,2,0,0,0,email,en,benign
164,23,6.174,12,0.0145,0.0,0.0244,2,0.0,0,0,1,2,0,0,chat_log,en,benign
219,39,4.564,11,0.0732,0.0228,0.0411,8,0.0,0,0,0,0,0,0,pdf_text,en,benign
305,43,6.093,16,0.0843,0.0066,0.0361,3,0.0,0,0,1,1,0,0,web_page,pt,injection
239,33,5.909,19,0.0114,0.0,0.0753,4,0.0,0,0,4,0,0,0,code_comment,en,injection
228,33,5.909,11,0.0112,0.0,0.0702,6,0.0,0,0,1,1,0,0,chat_log,en,injection
304,49,5.163,16,0.045,0.0461,0.0526,7,0.0,0,0,0,0,0,0,support_ticket,fr,injection
89,16,4.562,11,0.0423,0.0,0.0225,3,0.0,0,0,0,0,0,0,web_page,en,benign
194,29,5.621,14,0.0329,0.0103,0.0464,7,0.0,0,0,0,0,0,0,email,fr,benign
185,24,6.25,19,0.0149,0.0,0.0811,4,0.0,0,0,3,0,0,0,code_comment,en,benign
105,17,5.176,9,0.05,0.0381,0.0381,3,0.0,0,0,1,0,0,0,rag_chunk,en,benign
219,36,5.083,10,0.0286,0.0091,0.0274,3,0.0,0,0,0,0,0,0,product_review,en,injection
92,13,6.077,12,0.0556,0.0326,0.0435,3,0.0,0,0,2,0,0,0,email,en,benign
130,19,5.842,11,0.0323,0.0692,0.0615,3,0.0,0,0,1,0,0,0,support_ticket,fr,benign
217,28,6.786,35,0.0184,0.0,0.1244,6,0.0,0,0,1,1,0,0,html_metadata,en,injection
287,44,5.523,14,0.0262,0.0209,0.0279,3,0.0,0,0,1,0,0,0,rag_chunk,fr,injection
231,32,6.062,32,0.0387,0.0173,0.1515,5,0.0,0,1,0,0,0,0,html_metadata,en,injection
136,18,6.556,14,0.0556,0.0441,0.0294,3,0.0,0,0,0,0,0,0,product_review,en,benign
255,45,4.622,11,0.0622,0.0196,0.0392,8,0.0706,0,0,0,0,0,0,pdf_text,en,injection
273,44,5.159,13,0.0455,0.0513,0.0513,7,0.0,0,0,1,1,0,0,support_ticket,fr,injection
125,17,6.412,12,0.019,0.0,0.032,2,0.0,0,0,3,0,0,0,chat_log,en,benign
199,32,4.875,11,0.0242,0.005,0.1558,7,0.0,0,0,0,0,0,0,tool_output,en,injection
332,46,6.217,16,0.1407,0.0181,0.0512,4,0.0,0,0,1,2,2,0,rag_chunk,fr,injection
121,22,4.5,10,0.0316,0.0,0.0331,3,0.0,0,0,0,1,0,0,web_page,en,benign
111,15,6.4,16,0.0333,0.009,0.036,4,0.0,0,0,1,0,0,0,support_ticket,en,benign
171,30,4.733,11,0.0574,0.0351,0.0819,4,0.0,0,0,0,0,0,0,code_comment,en,injection
157,20,6.85,26,0.0168,0.051,0.0573,3,0.0,0,0,2,1,0,0,rag_chunk,en,injection
200,26,6.654,22,0.0719,0.04,0.06,8,0.0,0,0,0,6,0,0,calendar_invite,en,injection
240,40,5.0,12,0.1522,0.0083,0.0583,4,0.0,0,0,1,1,3,0,product_review,en,injection
228,36,5.333,32,0.0292,0.0,0.0921,6,0.0,0,1,0,0,0,0,chat_log,en,injection
224,32,5.844,18,0.0192,0.0179,0.1205,5,0.0,0,0,0,0,0,0,html_metadata,en,injection
297,45,5.6,12,0.0246,0.0,0.0269,3,0.0,0,0,0,0,0,0,web_page,pt,injection
190,29,5.552,10,0.0327,0.0105,0.0316,3,0.0,0,0,1,0,0,0,product_review,en,benign
328,52,5.269,38,0.0679,0.0152,0.1463,8,0.0945,31,0,0,0,0,0,pdf_text,en,injection
349,39,7.949,40,0.0361,0.0201,0.0745,3,0.0,0,1,1,0,0,0,rag_chunk,fr,injection
186,19,8.842,21,0.0076,0.0,0.1882,4,0.1022,19,0,0,0,0,0,tool_output,en,injection
282,43,5.558,14,0.0267,0.0213,0.0284,3,0.0,0,0,0,0,0,0,rag_chunk,fr,injection
247,34,6.206,14,0.0393,0.0081,0.1255,7,0.0891,22,0,0,0,0,0,email,en,injection
267,43,5.209,12,0.023,0.0,0.0262,3,0.0,0,0,0,0,0,0,web_page,en,benign
214,28,6.464,18,0.0201,0.0187,0.1308,5,0.0,0,0,0,0,0,0,html_metadata,en,injection
271,43,5.256,27,0.0777,0.0185,0.0554,8,0.0,0,1,1,0,0,0,pdf_text,en,injection
169,33,4.152,13,0.0696,0.0355,0.0947,4,0.0,0,0,0,0,0,0,code_comment,en,injection
311,40,6.775,41,0.0295,0.0225,0.0868,5,0.0,0,0,1,0,0,0,rag_chunk,en,injection
291,26,10.231,148,0.3496,0.0893,0.0481,4,0.0,0,0,1,0,0,1,code_comment,en,injection
107,19,4.684,10,0.023,0.0,0.0187,2,0.0,0,0,1,0,0,0,chat_log,en,benign
223,33,5.758,10,0.0331,0.009,0.0314,3,0.0942,0,0,0,1,0,0,product_review,en,injection
214,39,4.436,11,0.0755,0.0234,0.0421,8,0.0,0,0,0,0,0,0,pdf_text,en,benign
186,27,5.852,22,0.0725,0.043,0.0645,8,0.0,0,0,0,0,0,0,calendar_invite,en,injection
234,36,5.444,32,0.0452,0.0085,0.0726,7,0.0,0,1,0,0,0,0,email,en,injection
334,21,14.667,169,0.3294,0.0808,0.0868,5,0.0,0,0,1,0,0,1,html_metadata,en,injection
125,21,4.952,13,0.0341,0.072,0.048,3,0.0,0,0,0,0,0,0,support_ticket,en,benign
100,15,5.667,11,0.0617,0.0,0.04,3,0.0,0,0,0,1,0,0,web_page,en,benign
386,36,9.667,160,0.299,0.0803,0.0389,7,0.0,0,0,1,0,0,1,support_ticket,fr,injection
129,22,4.864,11,0.0196,0.0,0.0388,3,0.0,0,0,0,1,0,0,email,fr,benign
227,37,5.135,13,0.0221,0.0088,0.0308,3,0.1233,0,0,2,0,0,0,product_review,fr,injection
212,34,5.235,13,0.0122,0.0,0.066,6,0.0991,0,0,0,0,0,0,chat_log,en,injection
253,18,13.111,108,0.3096,0.0514,0.1028,6,0.0,0,0,1,0,0,1,html_metadata,en,injection
213,29,6.345,16,0.0714,0.0329,0.108,4,0.0,0,0,0,0,0,0,api_response,en,injection
107,18,4.944,11,0.046,0.0,0.0187,3,0.0,0,0,1,0,0,0,document,fr,benign
197,28,6.036,12,0.0312,0.0102,0.0355,3,0.0,0,0,0,0,0,0,product_review,en,benign
233,34,5.794,10,0.0749,0.0172,0.0258,7,0.0,0,0,1,0,0,0,document,en,benign
74,12,5.167,9,0.0333,0.0,0.027,3,0.0,0,0,1,0,0,0,email,en,benign
196,23,7.565,21,0.1133,0.0102,0.1071,4,0.0,0,0,1,1,0,0,tool_output,en,injection
195,23,7.478,16,0.029,0.0051,0.1641,4,0.1231,24,0,0,0,0,0,support_ticket,en,injection
227,32,6.031,36,0.0588,0.0088,0.0925,7,0.0,0,1,0,0,0,0,document,en,injection
191,37,4.189,10,0.073,0.0314,0.0628,4,0.0,0,0,2,4,0,0,code_comment,en,injection
158,20,6.9,26,0.0244,0.2975,0.0506,3,0.0,0,0,1,0,0,0,rag_chunk,en,injection
260,44,4.909,13,0.0296,0.0077,0.0423,3,0.0,0,0,0,0,0,0,product_review,fr,injection
172,25,5.88,13,0.0226,0.0523,0.0233,3,0.0,0,0,0,1,0,0,support_ticket,en,benign
304,51,4.961,12,0.0285,0.0,0.023,3,0.0,0,0,0,0,0,0,web_page,en,injection
103,15,5.867,11,0.0241,0.0,0.0485,3,0.0,0,0,1,0,0,0,document,fr,benign
135,17,6.941,16,0.1532,0.0074,0.037,4,0.0,0,0,0,0,1,0,support_ticket,en,injection
240,31,6.581,18,0.1646,0.0167,0.15,6,0.0,0,0,1,1,3,0,html_metadata,en,injection
208,28,6.464,35,0.026,0.0,0.1298,6,0.0,0,0,0,0,0,0,html_metadata,en,injection
348,56,5.179,14,0.0325,0.0115,0.0259,7,0.0,0,0,2,2,0,0,document,fr,injection
220,31,6.097,14,0.0893,0.0091,0.0864,6,0.0,0,0,1,2,0,0,chat_log,en,injection
203,38,4.368,10,0.0714,0.266,0.069,4,0.0,0,0,0,0,0,0,code_comment,en,injection
162,23,6.043,12,0.0147,0.0,0.0185,3,0.0,0,0,1,2,0,0,document,en,benign
265,45,4.844,19,0.1082,0.0226,0.0679,7,0.0,0,0,0,0,0,0,document,en,injection
101,15,5.733,12,0.0253,0.0198,0.0495,3,0.0,0,0,0,0,0,0,product_review,fr,benign
211,37,4.73,12,0.2027,0.0284,0.0995,5,0.0,0,0,1,1,3,0,code_comment,en,injection
150,22,5.818,16,0.09,0.0467,0.14,4,0.0,0,0,0,0,0,0,api_response,en,benign
314,47,5.638,37,0.0553,0.0191,0.0764,8,0.0,0,0,3,0,0,0,pdf_text,en,injection
103,17,5.059,11,0.0482,0.0,0.0291,3,0.0,0,0,1,0,0,0,email,fr,benign
163,22,5.909,12,0.0309,0.0061,0.1963,7,0.0,0,0,0,0,0,0,tool_output,en,benign
299,45,5.6,32,0.073,0.0134,0.0502,7,0.0,0,1,1,0,0,0,document,en,injection
236,33,6.091,14,0.2717,0.0085,0.0636,10,0.0,0,0,0,2,0,0,email,fr,injection
230,27,7.481,22,0.0625,0.0348,0.1478,8,0.087,20,0,0,0,0,0,calendar_invite,en,injection
94,14,5.714,14,0.0274,0.0213,0.0532,3,0.0,0,0,0,3,0,0,product_review,en,benign
181,25,6.24,16,0.0794,0.0387,0.1271,4,0.0,0,0,3,0,0,0,api_response,en,injection
251,42,4.929,13,0.05,0.0558,0.0478,7,0.0,0,0,0,0,0,0,support_ticket,fr,benign
129,19,5.789,12,0.0192,0.0,0.0465,3,0.0,0,0,3,0,0,0,document,fr,benign
111,14,6.929,26,0.0247,0.0721,0.0631,3,0.0,0,0,1,0,0,0,rag_chunk,en,benign
159,22,6.227,16,0.062,0.0063,0.0377,4,0.0,0,0,1,5,0,0,support_ticket,en,injection
257,34,6.559,16,0.029,0.0233,0.0389,3,0.0,0,0,0,0,0,0,rag_chunk,fr,benign
210,27,6.741,22,0.0625,0.0381,0.0667,8,0.0,0,0,1,1,0,0,calendar_invite,en,injection
290,48,5.0,13,0.0628,0.0172,0.0414,8,0.0,0,0,0,0,0,0,pdf_text,en,injection
247,38,5.5,10,0.0469,0.0121,0.0567,5,0.0,0,0,2,0,0,0,web_page,en,injection
245,25,8.76,45,0.0617,0.0327,0.2,8,0.102,25,1,0,0,0,0,calendar_invite,en,injection
213,29,6.172,18,0.0204,0.0188,0.1315,5,0.0,0,0,0,0,0,0,html_metadata,en,injection
331,48,5.833,21,0.0332,0.0,0.1178,10,0.0846,28,0,0,0,0,0,email,fr,injection
171,27,5.333,11,0.0154,0.0,0.0819,6,0.0,0,0,0,0,0,0,chat_log,en,benign
216,33,5.545,12,0.0482,0.0,0.0787,6,0.0,0,0,1,1,0,0,chat_log,en,injection
138,17,7.118,16,0.0263,0.0072,0.0362,4,0.0,0,0,0,0,0,0,support_ticket,en,injection
99,18,4.5,8,0.0256,0.0,0.0303,3,0.0,0,0,0,0,0,0,document,en,benign
144,27,4.37,10,0.06,0.0417,0.0833,4,0.0,0,0,0,0,0,0,code_comment,en,benign
172,26,5.615,12,0.014,0.0,0.0174,3,0.0,0,0,6,1,0,0,email,en,benign
173,31,4.581,8,0.0296,0.0116,0.0289,3,0.0,0,0,0,0,0,0,product_review,en,benign
274,45,5.044,13,0.1262,0.0255,0.0511,8,0.0,0,0,1,3,0,0,pdf_text,en,injection
272,45,5.044,19,0.0732,0.0221,0.0588,3,0.0,0,0,0,0,0,0,product_review,fr,injection
242,35,5.857,13,0.0621,0.0579,0.0537,7,0.0,0,0,0,0,0,0,support_ticket,en,benign
234,27,7.481,18,0.0267,0.0171,0.2051,5,0.0855,20,0,0,1,0,0,html_metadata,en,injection
129,22,4.864,11,0.0198,0.0155,0.031,3,0.0,0,0,0,0,0,0,product_review,fr,benign
205,25,7.24,35,0.0327,0.0,0.1366,6,0.0,0,0,0,0,0,0,html_metadata,en,injection
97,14,5.929,14,0.0548,0.0412,0.0619,3,0.0,0,0,0,3,0,0,rag_chunk,en,benign
217,31,5.968,32,0.0823,0.0369,0.0876,8,0.0,0,1,0,0,0,0,calendar_invite,en,injection
384,54,6.074,37,0.0331,0.013,0.0547,7,0.0,0,0,3,0,0,0,document,fr,injection
235,34,5.853,14,0.027,0.0085,0.0511,7,0.0,0,0,1,0,0,0,email,fr,injection
237,38,5.184,13,0.0529,0.0591,0.0506,7,0.0,0,0,0,0,0,0,support_ticket,fr,benign
220,39,4.59,11,0.0732,0.0227,0.0455,8,0.0,0,0,0,0,0,0,pdf_text,en,benign
268,45,4.911,24,0.0591,0.0187,0.0485,8,0.0,0,1,0,0,0,0,pdf_text,en,injection
89,15,4.933,10,0.0286,0.0,0.0449,3,0.0,0,0,0,0,0,0,email,fr,benign
188,31,5.065,12,0.1088,0.0213,0.0319,3,0.0,0,0,0,3,0,0,web_page,fr,benign
266,44,5.045,12,0.0233,0.0,0.0263,3,0.0,0,0,0,0,0,0,web_page,en,benign
174,27,5.444,12,0.029,0.023,0.0287,3,0.0,0,0,4,0,0,0,rag_chunk,en,benign
98,16,5.125,13,0.0256,0.0,0.0408,3,0.0,0,0,2,0,0,0,email,fr,benign
173,29,4.966,10,0.1014,0.0231,0.0116,3,0.0,0,0,0,1,0,0,document,pt,benign
158,20,6.85,22,0.0847,0.0506,0.0696,8,0.0,0,0,0,0,0,0,calendar_invite,en,benign
159,21,6.048,12,0.0316,0.0063,0.195,7,0.0,0,0,0,0,0,0,tool_output,en,benign
229,37,5.189,10,0.0226,0.0,0.0655,6,0.083,0,0,0,0,0,0,chat_log,en,injection
182,27,5.741,12,0.0131,0.0,0.011,3,0.0,0,0,6,1,0,0,document,en,benign
198,25,6.96,35,0.0204,0.0,0.1364,6,0.0,0,0,1,1,0,0,html_metadata,en,injection
207,28,6.357,22,0.0955,0.0386,0.0628,8,0.0,0,0,1,4,0,0,calendar_invite,en,injection
160,25,5.4,13,0.025,0.0563,0.0312,3,0.0,0,0,4,0,0,0,support_ticket,en,benign
111,14,6.929,22,0.0645,0.0,0.036,5,0.0,0,0,0,0,0,0,email,en,benign
101,17,4.941,9,0.037,0.0,0.0297,3,0.0,0,0,1,0,0,0,web_page,fr,benign
173,27,5.407,10,0.0152,0.0,0.0809,6,0.0,0,0,0,0,0,0,chat_log,en,benign
291,47,5.191,13,0.0211,0.0,0.0241,3,0.0,0,0,1,0,0,0,web_page,en,injection
208,26,7.038,35,0.0192,0.0,0.1298,6,0.0,0,0,1,0,0,0,html_metadata,en,injection
233,29,6.862,18,0.1856,0.0172,0.1202,5,0.0987,0,0,0,0,0,0,html_metadata,en,injection
184,26,6.038,22,0.0896,0.0435,0.0815,8,0.0,0,0,0,0,0,0,calendar_invite,en,injection
301,41,6.341,14,0.0245,0.0199,0.0299,3,0.0,0,0,1,0,0,0,rag_chunk,fr,injection
199,31,5.419,12,0.0385,0.0302,0.0302,3,0.0,0,0,0,0,1,0,rag_chunk,en,benign
207,35,4.829,12,0.0556,0.0048,0.029,10,0.0,0,0,1,0,0,0,email,en,benign
307,50,5.14,12,0.0202,0.0,0.0326,3,0.0,0,0,1,1,0,0,web_page,en,injection
138,21,5.571,16,0.0263,0.0,0.0217,3,0.0,0,0,0,0,0,0,web_page,en,benign
166,30,4.533,10,0.0703,0.006,0.0422,3,0.0,0,0,0,0,0,0,web_page,en,benign
218,35,5.229,13,0.0233,0.0092,0.0413,3,0.0,0,0,1,1,0,0,product_review,fr,injection
261,41,5.317,13,0.0855,0.2031,0.046,7,0.0,0,0,0,0,0,0,support_ticket,fr,injection
182,27,5.741,10,0.034,0.011,0.033,3,0.0,0,0,0,0,0,0,product_review,en,benign
199,35,4.629,10,0.0662,0.0101,0.0452,7,0.0,0,0,0,0,0,0,document,en,benign
273,43,5.302,13,0.0547,0.0513,0.044,7,0.0,0,0,0,0,0,0,support_ticket,en,injection
380,52,6.269,43,0.0467,0.0132,0.0553,7,0.0,0,0,0,5,0,0,document,fr,injection
194,30,5.467,11,0.0329,0.0258,0.0361,3,0.0,0,0,0,0,0,0,product_review,en,benign
212,31,5.484,32,0.0465,0.0047,0.1887,7,0.0,0,1,0,0,0,0,tool_output,en,injection
256,43,4.953,12,0.0243,0.0,0.0273,3,0.0,0,0,0,0,0,0,web_page,en,benign
260,41,5.293,13,0.0595,0.0538,0.0654,7,0.0,0,0,0,0,0,0,support_ticket,fr,injection
281,43,5.535,12,0.0216,0.0,0.0249,3,0.0,0,0,0,0,0,0,web_page,pt,injection
175,27,5.481,14,0.0138,0.0,0.0171,3,0.0,0,0,0,2,0,0,document,fr,benign
356,30,10.8,168,0.2901,0.0534,0.0337,7,0.0,0,0,1,0,0,1,document,en,injection
150,20,6.5,22,0.0814,0.26,0.0333,5,0.0,0,0,0,0,0,0,email,en,injection
108,18,5.0,10,0.0341,0.0,0.0185,3,0.0,0,0,1,0,0,0,web_page,en,benign
171,27,5.333,12,0.0145,0.0117,0.0234,3,0.0,0,0,4,0,0,0,product_review,en,benign
284,42,5.714,27,0.0628,0.0493,0.0634,7,0.0,0,1,1,0,0,0,support_ticket,fr,injection
229,40,4.725,10,0.0278,0.0087,0.0306,3,0.0,0,0,0,0,0,0,product_review,en,injection
318,40,6.9,48,0.0605,0.044,0.1447,7,0.0692,22,0,0,0,0,0,support_ticket,pt,injection
176,32,4.5,9,0.0292,0.0114,0.0284,3,0.0,0,0,0,0,1,0,product_review,en,benign
308,50,5.12,14,0.0366,0.013,0.0195,7,0.0,0,0,0,0,0,0,document,fr,benign
113,14,7.071,16,0.0323,0.0088,0.0354,4,0.0,0,0,0,0,0,0,support_ticket,en,benign
122,20,5.1,12,0.0202,0.0164,0.0082,3,0.0,0,0,4,0,0,0,document,en,benign
344,52,5.577,14,0.0842,0.0174,0.032,7,0.0,0,0,1,3,0,0,document,fr,injection
86,13,5.615,14,0.029,0.0,0.0465,3,0.0,0,0,0,3,0,0,email,en,benign
263,38,5.921,14,0.0283,0.0228,0.0266,3,0.0,0,0,0,0,0,0,rag_chunk,fr,benign
151,21,6.19,16,0.0676,0.3245,0.0397,4,0.0,0,0,0,0,0,0,support_ticket,en,injection
183,22,7.364,21,0.0139,0.0,0.0929,4,0.0,0,0,0,5,0,0,tool_output,en,injection
214,29,6.345,22,0.0606,0.0374,0.0514,8,0.0,0,0,2,0,0,0,calendar_invite,en,injection
200,27,6.333,14,0.0813,0.01,0.045,7,0.0,0,0,4,0,0,0,email,fr,injection
274,46,4.891,13,0.0505,0.0,0.0255,10,0.0,0,0,1,4,0,0,email,fr,injection
127,20,5.35,12,0.0206,0.0157,0.063,3,0.0,0,0,3,0,0,0,product_review,fr,benign
224,35,5.4,13,0.0405,0.0,0.0714,6,0.0,0,0,1,5,0,0,chat_log,en,injection
236,34,5.941,24,0.0263,0.0085,0.0424,3,0.0,0,1,0,0,0,0,product_review,en,injection
285,35,7.143,40,0.0402,0.014,0.0772,5,0.0,0,0,2,1,0,0,web_page,en,injection
303,50,5.06,13,0.0245,0.0,0.0264,3,0.0,0,0,0,0,0,0,web_page,en,injection
103,19,4.421,9,0.0253,0.0194,0.0291,3,0.0,0,0,1,0,0,0,product_review,en,benign
279,45,5.133,13,0.0359,0.0,0.0287,10,0.0896,0,0,0,2,0,0,email,fr,injection
212,27,6.815,22,0.061,0.0377,0.0566,8,0.0,0,0,1,1,0,0,calendar_invite,en,injection
91,14,5.5,11,0.0588,0.044,0.0549,3,0.0,0,0,0,1,0,0,rag_chunk,en,benign
128,21,5.095,18,0.02,0.0156,0.0391,3,0.0,0,0,0,2,0,0,product_review,en,benign
255,43,4.86,27,0.066,0.0039,0.0431,10,0.0,0,1,2,0,0,0,email,en,injection
143,20,6.15,16,0.0947,0.049,0.1469,4,0.0,0,0,0,0,1,0,api_response,en,benign
152,27,4.63,9,0.0172,0.0263,0.0329,3,0.0,0,0,1,2,0,0,product_review,fr,benign
102,17,5.0,9,0.025,0.0196,0.0294,3,0.0,0,0,1,0,0,0,product_review,en,benign
173,25,5.92,16,0.1011,0.2139,0.1272,4,0.0,0,0,0,0,0,0,api_response,en,injection
203,32,5.344,12,0.0987,0.064,0.0246,3,0.0,0,0,0,1,0,0,support_ticket,pt,benign
115,16,6.188,16,0.0337,0.0348,0.0435,4,0.0,0,0,0,0,0,0,support_ticket,en,benign
170,16,9.688,36,0.0079,0.0,0.1647,4,0.0,0,1,0,0,0,0,tool_output,en,injection
86,17,4.059,8,0.0294,0.0,0.0116,3,0.0,0,0,1,0,0,0,document,en,benign
177,34,4.235,9,0.072,0.0339,0.0734,4,0.0,0,0,0,0,0,0,code_comment,en,injection
87,14,5.214,10,0.0423,0.0,0.023,3,0.0,0,0,1,0,0,0,web_page,en,benign
107,20,4.35,9,0.0353,0.0,0.0187,3,0.0,0,0,1,0,0,0,web_page,en,benign
144,20,6.2,26,0.0467,0.0556,0.0556,3,0.1181,0,0,1,0,0,0,rag_chunk,en,injection
189,28,5.357,10,0.0345,0.0053,0.1746,7,0.0,0,0,3,0,0,0,tool_output,en,injection
101,14,6.214,13,0.0476,0.0,0.0297,3,0.0,0,0,2,3,0,0,web_page,en,benign
238,37,5.351,16,0.0372,0.0,0.042,10,0.0,0,0,0,0,0,0,email,fr,benign
220,29,6.517,19,0.0312,0.0091,0.1227,7,0.0864,19,0,0,0,0,0,email,en,injection
251,37,5.784,13,0.0242,0.0,0.0279,3,0.0,0,0,0,0,0,0,web_page,pt,benign
280,46,5.043,13,0.049,0.05,0.0464,7,0.0,0,0,0,4,0,0,support_ticket,fr,injection
128,17,6.529,14,0.0577,0.0312,0.0234,3,0.0,0,0,0,0,0,0,email,en,benign
197,30,5.567,12,0.0719,0.0,0.0711,6,0.0,0,0,5,0,0,0,chat_log,en,injection
139,21,5.619,14,0.027,0.0,0.0504,3,0.0,0,0,4,0,0,0,web_page,fr,benign
191,30,5.367,12,0.0138,0.0,0.0838,6,0.0,0,0,0,0,0,0,chat_log,en,injection
116,14,7.286,26,0.0233,0.069,0.0603,3,0.0,0,0,1,0,0,0,rag_chunk,en,benign
352,57,5.14,14,0.0391,0.0114,0.0227,7,0.0,0,0,0,0,0,0,document,fr,injection
120,21,4.714,10,0.0449,0.0333,0.05,3,0.0,0,0,0,1,0,0,rag_chunk,en,benign
277,44,5.25,13,0.067,0.0181,0.1155,8,0.0794,22,0,0,1,0,0,pdf_text,en,injection
87,12,6.25,14,0.0282,0.0,0.046,3,0.0,0,0,1,1,0,0,email,pt,benign
229,39,4.795,9,0.0726,0.0044,0.0306,10,0.0,0,0,2,3,0,0,email,en,injection
303,42,6.167,17,0.0645,0.0132,0.0231,7,0.0,0,0,1,0,0,0,document,en,injection
109,15,6.333,12,0.022,0.0,0.0367,2,0.0,0,0,3,0,0,0,chat_log,en,benign
130,18,6.222,12,0.0312,0.0692,0.0462,3,0.0,0,0,0,0,0,0,support_ticket,fr,benign
332,46,6.174,50,0.0658,0.0181,0.1054,8,0.0,0,1,0,0,0,0,pdf_text,en,injection
220,27,6.741,15,0.064,0.0045,0.2545,7,0.1045,23,0,0,0,0,0,tool_output,en,injection
93,14,5.643,10,0.0256,0.0,0.0108,3,0.0,0,0,0,0,0,0,document,en,benign
110,17,5.471,10,0.033,0.0,0.0182,3,0.0,0,0,0,0,0,0,web_page,en,benign
108,16,5.75,11,0.0341,0.0,0.037,3,0.0,0,0,0,1,0,0,web_page,en,benign
202,25,6.88,18,0.078,0.0198,0.1337,5,0.0,0,0,3,0,0,0,html_metadata,en,injection
83,13,5.385,10,0.0308,0.0241,0.0361,3,0.0,0,0,1,0,0,0,product_review,en,benign
126,18,6.0,13,0.0645,0.0714,0.0397,3,0.0,0,0,1,0,0,0,support_ticket,en,benign
295,49,4.959,13,0.03,0.0,0.0339,10,0.0,0,0,1,1,0,0,email,fr,injection
101,16,5.312,11,0.0263,0.0198,0.0693,3,0.0,0,0,1,0,0,0,product_review,fr,benign
284,43,5.558,12,0.0429,0.0493,0.0493,7,0.0,0,0,1,0,0,0,support_ticket,pt,injection
225,30,6.5,12,0.0385,0.0,0.1733,6,0.1067,24,0,1,3,0,0,chat_log,en,injection
326,45,6.244,14,0.1161,0.1319,0.0429,6,0.0,0,0,0,0,0,0,web_page,fr,injection
85,15,4.667,11,0.0308,0.0235,0.0353,3,0.0,0,0,0,0,0,0,product_review,en,benign
242,38,5.316,13,0.0638,0.0083,0.0496,7,0.0,0,0,0,0,0,0,document,en,injection
272,40,5.8,11,0.0306,0.0074,0.125,3,0.0919,25,0,0,0,0,0,product_review,en,injection
181,23,6.652,18,0.0246,0.0221,0.1492,5,0.0,0,0,1,0,0,0,html_metadata,en,benign
292,43,5.744,13,0.0594,0.0479,0.0445,7,0.0,0,0,0,0,0,0,support_ticket,en,injection
255,39,5.538,12,0.0238,0.0,0.0235,3,0.0,0,0,0,0,0,0,web_page,pt,benign
243,44,4.477,10,0.071,0.0165,0.0412,7,0.0,0,0,0,0,1,0,document,en,injection
430,34,11.588,204,0.3145,0.0953,0.0349,7,0.0,0,0,1,0,0,1,support_ticket,en,injection
105,16,5.562,13,0.0357,0.0,0.0476,3,0.0,0,0,1,0,0,0,web_page,en,benign
212,27,6.444,19,0.0127,0.0,0.0708,4,0.0,0,0,3,1,0,0,code_comment,en,injection
222,40,4.5,11,0.0723,0.0225,0.0405,8,0.0,0,0,1,0,0,0,pdf_text,en,benign
96,17,4.647,9,0.0274,0.0208,0.0417,3,0.0,0,0,1,0,0,0,product_review,fr,benign
248,42,4.905,13,0.0259,0.0081,0.0444,3,0.0,0,0,0,0,0,0,product_review,fr,injection
132,18,6.333,13,0.0306,0.0682,0.0455,3,0.0,0,0,0,1,0,0,support_ticket,en,benign
301,45,5.644,36,0.0409,0.0465,0.0631,7,0.0,0,1,0,0,0,0,support_ticket,fr,injection
258,36,6.167,18,0.011,0.0,0.155,6,0.093,24,0,0,0,0,0,chat_log,en,injection
217,39,4.513,11,0.0741,0.023,0.0415,8,0.0,0,0,0,0,0,0,pdf_text,en,benign
192,23,7.348,16,0.1642,0.0469,0.1354,4,0.0,0,0,1,2,0,0,api_response,en,injection
201,23,7.739,37,0.0657,0.0348,0.1692,4,0.0,0,1,0,0,0,0,api_response,en,injection
80,13,5.154,11,0.0312,0.0,0.0375,3,0.0,0,0,0,1,0,0,email,en,benign
202,27,6.481,16,0.0621,0.0347,0.1139,4,0.0,0,0,2,1,0,0,api_response,en,injection
98,16,5.125,13,0.0274,0.0408,0.051,3,0.0,0,0,2,0,0,0,product_review,en,benign
173,25,5.92,16,0.1008,0.0405,0.1272,4,0.0,0,0,0,0,0,0,api_response,en,injection
270,37,6.297,13,0.0223,0.0,0.0333,3,0.0,0,0,0,0,0,0,web_page,fr,benign
139,18,6.722,16,0.0968,0.0504,0.1511,4,0.0,0,0,0,0,0,0,api_response,en,benign
220,37,4.946,13,0.0286,0.0091,0.0273,3,0.0,0,0,0,0,0,0,product_review,en,injection
104,19,4.474,10,0.0779,0.0385,0.0385,3,0.0,0,0,2,0,0,0,rag_chunk,en,benign
126,16,6.875,16,0.0189,0.0,0.0317,3,0.0,0,0,2,4,0,0,email,fr,benign
249,40,5.225,16,0.0255,0.008,0.0442,3,0.0,0,0,0,0,0,0,product_review,fr,injection
199,37,4.297,9,0.0592,0.005,0.0302,10,0.0,0,0,1,0,1,0,email,en,benign
216,28,6.714,16,0.0701,0.0324,0.1111,4,0.1157,0,0,0,0,0,0,api_response,en,injection
199,36,4.444,11,0.0588,0.005,0.0302,10,0.0,0,0,1,0,0,0,email,en,benign
85,13,5.538,9,0.0625,0.0471,0.0471,3,0.0,0,0,1,0,0,0,rag_chunk,en,benign
194,24,7.125,21,0.0093,0.2268,0.0928,4,0.0,0,0,0,0,0,0,tool_output,en,injection
167,21,6.952,16,0.0862,0.0419,0.1377,4,0.0,0,0,0,0,0,0,api_response,en,injection
259,45,4.756,12,0.0242,0.0,0.027,3,0.0,0,0,0,0,1,0,web_page,en,benign
102,15,5.867,10,0.0588,0.0,0.0294,2,0.0,0,0,1,0,0,0,chat_log,en,benign
242,12,19.167,140,0.2886,0.0868,0.0289,4,0.0,0,0,1,0,0,1,support_ticket,en,injection
155,19,7.158,36,0.0244,0.0065,0.071,4,0.0,0,1,0,0,0,0,support_ticket,en,injection
179,22,7.182,21,0.0143,0.0,0.095,4,0.0,0,0,0,0,0,0,tool_output,en,injection
228,35,5.514,14,0.2717,0.0,0.0877,9,0.0,0,0,0,2,0,0,chat_log,en,injection
99,16,5.188,10,0.037,0.0,0.0202,3,0.0,0,0,0,0,0,0,web_page,fr,benign
309,44,6.023,13,0.0195,0.0,0.0291,3,0.0,0,0,0,0,0,0,web_page,fr,injection
151,27,4.63,10,0.0165,0.0132,0.0132,2,0.0,0,0,1,1,0,0,chat_log,en,benign
91,13,6.0,12,0.0286,0.022,0.0659,3,0.0,0,0,1,0,0,0,product_review,en,benign
97,14,5.929,12,0.0253,0.0,0.0412,3,0.0,0,0,3,0,0,0,email,en,benign
110,19,4.789,11,0.0568,0.0,0.0273,3,0.0,0,0,1,0,0,0,web_page,fr,benign
216,33,5.545,22,0.1667,0.0,0.0972,6,0.1528,0,0,0,0,4,0,email,en,injection
183,31,4.903,10,0.0276,0.0109,0.0273,3,0.0,0,0,0,0,0,0,product_review,en,benign
172,28,5.143,13,0.0299,0.0116,0.0465,3,0.0,0,0,0,0,0,0,product_review,fr,benign
226,37,5.108,13,0.0335,0.0088,0.0354,3,0.0973,0,0,0,0,0,0,product_review,en,injection
247,35,6.057,13,0.0337,0.0081,0.1296,3,0.0891,22,0,0,0,0,0,product_review,fr,injection
229,39,4.821,12,0.0694,0.0218,0.0437,8,0.0,0,0,0,0,0,0,pdf_text,en,benign
123,16,6.688,26,0.023,0.0894,0.065,3,0.0,0,0,1,0,0,0,rag_chunk,en,benign
216,29,6.276,18,0.02,0.0185,0.1296,5,0.0,0,0,0,0,0,0,html_metadata,en,injection
226,36,5.194,13,0.0391,0.0,0.0354,10,0.0,0,0,0,0,0,0,email,fr,benign
244,31,6.516,19,0.1006,0.0082,0.082,4,0.1516,0,0,3,0,0,0,code_comment,en,injection
203,28,6.179,14,0.0311,0.0099,0.0493,7,0.0,0,0,0,0,0,0,email,fr,benign
185,23,7.087,21,0.0139,0.0,0.0973,4,0.0,0,0,3,0,0,0,tool_output,en,injection
207,29,5.759,27,0.0538,0.0048,0.1739,7,0.0,0,1,1,0,0,0,tool_output,en,injection
272,37,6.351,14,0.0271,0.0221,0.0294,3,0.0,0,0,0,0,0,0,rag_chunk,fr,benign
305,52,4.865,13,0.0255,0.0,0.059,3,0.0,0,0,0,0,0,0,web_page,en,injection
108,18,5.0,10,0.0341,0.0,0.0185,3,0.0,0,0,1,0,0,0,web_page,en,benign
219,27,7.074,22,0.1455,0.0457,0.0731,8,0.0,0,0,1,3,0,0,calendar_invite,en,injection
313,26,11.038,152,0.3135,0.0639,0.0479,6,0.0,0,0,1,0,0,1,chat_log,en,injection
311,42,6.357,19,0.0526,0.045,0.1383,7,0.0997,31,0,0,0,0,0,support_ticket,en,injection
222,39,4.692,10,0.0301,0.009,0.0676,6,0.0,0,0,0,0,1,0,chat_log,en,injection
92,15,5.133,11,0.0405,0.0,0.0326,3,0.0,0,0,0,1,0,0,web_page,en,benign
112,19,4.895,12,0.0225,0.0179,0.0179,3,0.0,0,0,4,0,0,0,email,en,benign
169,28,5.036,12,0.0299,0.0118,0.0296,3,0.0,0,0,0,0,0,0,product_review,en,benign
117,14,7.357,26,0.0233,0.0684,0.0684,3,0.0,0,0,1,0,0,0,rag_chunk,en,benign
174,29,5.0,12,0.1364,0.046,0.0287,3,0.0,0,0,0,2,0,0,rag_chunk,en,benign
99,13,6.615,12,0.0244,0.0,0.0404,3,0.0,0,0,0,0,0,0,email,fr,benign
95,16,4.938,10,0.0563,0.0421,0.0421,3,0.0,0,0,1,0,0,0,rag_chunk,en,benign
287,46,5.196,14,0.2621,0.0488,0.0627,10,0.0,0,0,0,2,0,0,support_ticket,fr,injection
248,37,5.703,16,0.0249,0.0081,0.0323,3,0.121,0,0,0,0,0,0,product_review,en,injection
188,31,5.0,10,0.0694,0.0106,0.0479,7,0.0,0,0,0,0,0,0,document,en,benign
196,30,5.533,12,0.039,0.0306,0.0306,3,0.0,0,0,0,0,0,0,rag_chunk,en,benign
211,23,8.217,43,0.0467,0.0,0.1848,6,0.0,0,1,0,0,0,0,html_metadata,en,injection
255,40,5.375,20,0.0244,0.0078,0.0314,3,0.0,0,0,0,0,0,0,product_review,en,injection
199,25,6.96,38,0.0588,0.0,0.191,5,0.1256,25,1,0,0,0,0,email,en,injection
372,61,5.066,14,0.0418,0.1613,0.0269,7,0.0,0,0,0,0,0,0,document,fr,injection
237,36,5.583,12,0.0374,0.0253,0.0338,3,0.0,0,0,3,0,0,0,rag_chunk,en,injection
272,37,6.297,25,0.0636,0.0147,0.0331,7,0.0,0,0,1,0,0,0,document,en,injection
88,18,3.889,8,0.0441,0.0,0.0227,3,0.0,0,0,1,0,0,0,web_page,en,benign
100,13,6.692,13,0.0641,0.04,0.05,3,0.0,0,0,2,3,0,0,rag_chunk,en,benign
216,34,5.353,11,0.016,0.1991,0.0648,6,0.0,0,0,0,0,0,0,chat_log,en,injection
373,47,6.936,39,0.0594,0.0295,0.0777,3,0.0,0,0,0,0,0,0,rag_chunk,fr,injection
152,22,5.909,22,0.04,0.0,0.0329,5,0.0,0,0,0,0,0,0,email,en,injection
132,19,5.947,14,0.0189,0.0,0.053,3,0.0,0,0,4,0,0,0,email,fr,benign
209,34,5.147,10,0.0301,0.0096,0.0335,3,0.0,0,0,0,0,0,0,product_review,en,injection
353,58,5.052,14,0.0321,0.0113,0.0255,7,0.0,0,0,1,1,0,0,document,fr,injection
258,41,5.244,18,0.0645,0.0194,0.0814,10,0.0,0,0,3,1,6,0,pdf_text,en,injection
195,24,6.667,19,0.014,0.0,0.0821,4,0.0,0,0,3,0,0,0,code_comment,en,benign
175,21,7.095,18,0.0339,0.0229,0.1543,5,0.0,0,0,0,0,0,0,html_metadata,en,benign
105,20,4.25,10,0.0602,0.0,0.019,3,0.0,0,0,2,0,0,0,web_page,en,benign
244,37,5.595,12,0.041,0.0246,0.0246,3,0.0,0,0,0,0,0,0,rag_chunk,en,injection
148,23,5.435,10,0.0244,0.0,0.0135,3,0.0,0,0,0,1,0,0,web_page,en,benign
155,27,4.778,12,0.0541,0.0387,0.0774,4,0.0,0,0,0,0,0,0,code_comment,en,benign
238,34,5.676,32,0.0296,0.0,0.0966,4,0.0,0,1,3,0,0,0,code_comment,en,injection
191,26,6.308,22,0.069,0.0419,0.0576,8,0.0,0,0,0,0,0,0,calendar_invite,en,injection
198,36,4.5,13,0.0476,0.1364,0.0455,3,0.0,0,0,0,0,0,0,product_review,en,injection
160,24,5.208,11,0.0337,0.025,0.2,7,0.0,0,0,0,0,0,0,tool_output,en,benign
305,42,6.262,14,0.209,0.0197,0.0426,6,0.0,0,0,0,2,0,0,rag_chunk,fr,injection
294,46,5.326,13,0.0342,0.0,0.0374,10,0.0,0,0,0,2,0,0,email,fr,injection
196,28,6.0,16,0.0725,0.0357,0.1173,4,0.0,0,0,0,0,0,0,api_response,en,injection
364,50,6.24,41,0.0389,0.0137,0.0659,7,0.0,0,0,0,0,0,0,document,fr,injection
90,16,4.625,8,0.029,0.0222,0.0333,3,0.0,0,0,0,0,0,0,product_review,en,benign
209,40,4.25,10,0.047,0.0287,0.0718,4,0.0,0,0,1,0,0,0,code_comment,en,injection
293,26,10.269,112,0.2681,0.0819,0.0273,3,0.0,0,0,1,0,0,1,product_review,en,injection
300,44,5.773,16,0.0579,0.0133,0.0267,7,0.0,0,0,1,0,0,0,document,en,injection
327,34,8.529,132,0.2538,0.0673,0.0245,10,0.0,0,0,2,0,0,1,email,en,injection
132,22,5.0,18,0.0283,0.0,0.0303,3,0.0,0,0,0,2,0,0,web_page,en,benign
173,27,5.407,12,0.0139,0.0,0.0116,3,0.0,0,0,4,0,0,0,document,en,benign
150,21,5.619,12,0.0465,0.0067,0.2067,7,0.0,0,0,0,0,0,0,tool_output,en,benign
250,32,6.75,36,0.0253,0.008,0.064,7,0.0,0,1,0,0,0,0,email,fr,injection
167,30,4.567,10,0.0698,0.006,0.0419,3,0.0,0,0,0,0,0,0,web_page,en,benign
221,36,5.083,12,0.0588,0.009,0.0498,7,0.0,0,0,0,0,0,0,document,en,injection
261,20,12.0,112,0.314,0.0728,0.0536,8,0.0,0,0,1,0,0,1,calendar_invite,en,injection
90,14,5.429,9,0.1081,0.0,0.0222,3,0.0,0,0,0,0,0,0,document,fr,benign
260,40,5.5,12,0.0293,0.0231,0.0346,3,0.0,0,0,2,2,0,0,rag_chunk,en,injection
122,17,6.176,14,0.0337,0.0738,0.0492,3,0.0,0,0,0,3,0,0,support_ticket,en,benign
229,30,6.467,18,0.0309,0.0175,0.1223,5,0.0,0,0,0,0,0,0,html_metadata,en,injection
215,24,8.0,43,0.0461,0.0,0.186,6,0.0,0,1,0,0,0,0,html_metadata,en,injection
161,19,7.474,22,0.1374,0.0124,0.0559,5,0.0,0,0,1,2,0,0,email,en,injection
132,15,7.867,21,0.0099,0.0,0.1212,4,0.0,0,0,0,0,0,0,tool_output,en,benign
112,16,6.0,10,0.0217,0.0,0.0357,3,0.0,0,0,2,0,0,0,email,pt,benign
77,14,4.5,11,0.0328,0.0,0.026,3,0.0,0,0,0,0,0,0,email,en,benign
208,36,4.778,10,0.063,0.1779,0.0385,3,0.0,0,0,0,0,0,0,web_page,en,injection
307,46,5.63,11,0.1502,0.013,0.0717,8,0.0,0,0,2,1,2,0,document,en,injection
279,39,6.154,13,0.0216,0.0,0.0287,3,0.0,0,0,0,0,0,0,web_page,fr,benign
158,22,5.682,11,0.0323,0.0063,0.1962,7,0.0,0,0,0,0,0,0,tool_output,en,benign
156,23,5.783,12,0.0263,0.0577,0.0577,3,0.0,0,0,3,0,0,0,support_ticket,fr,benign
289,46,5.283,10,0.1239,0.0069,0.0796,4,0.0,0,0,1,0,5,0,product_review,en,injection
121,14,7.643,26,0.022,0.0661,0.0579,3,0.0,0,0,1,0,0,0,rag_chunk,en,benign
171,23,6.435,26,0.0161,0.0468,0.0877,3,0.0,0,0,1,0,0,0,rag_chunk,en,injection
170,18,8.444,43,0.0492,0.0471,0.1235,3,0.0,0,1,1,0,0,0,rag_chunk,en,injection
208,28,6.429,32,0.0845,0.0337,0.149,4,0.0,0,1,0,0,0,0,api_response,en,injection
190,33,4.758,13,0.027,0.0105,0.0368,3,0.0,0,0,0,0,0,0,product_review,fr,benign
330,47,5.979,16,0.0491,0.0424,0.1273,7,0.0818,27,0,0,0,0,0,support_ticket,fr,injection
217,40,4.375,11,0.0745,0.023,0.0415,8,0.0,0,0,0,0,1,0,pdf_text,en,benign
135,22,5.136,12,0.0385,0.0296,0.037,3,0.0,0,0,4,0,0,0,rag_chunk,en,benign
312,48,5.458,32,0.071,0.2147,0.0801,7,0.0,0,0,0,0,0,0,support_ticket,fr,injection
213,38,4.553,11,0.0755,0.0235,0.0423,8,0.0,0,0,0,0,0,0,pdf_text,en,benign
123,20,5.15,12,0.043,0.0488,0.0325,3,0.0,0,0,4,0,0,0,rag_chunk,en,benign
140,18,6.778,16,0.0957,0.05,0.15,4,0.0,0,0,0,0,0,0,api_response,en,benign
325,51,5.333,14,0.0383,0.0123,0.0215,7,0.0,0,0,0,6,0,0,document,fr,injection
238,34,5.941,13,0.0686,0.0588,0.0504,7,0.0,0,0,0,0,0,0,support_ticket,en,benign
261,41,5.317,36,0.0649,0.0192,0.1073,8,0.0,0,1,0,0,0,0,pdf_text,en,injection
130,20,5.5,13,0.0312,0.0692,0.0308,3,0.0,0,0,1,0,0,0,support_ticket,en,benign
284,45,5.267,14,0.04,0.0141,0.0282,7,0.0,0,0,0,0,0,0,document,fr,benign
88,14,5.286,11,0.0294,0.0227,0.0455,3,0.0,0,0,0,1,0,0,product_review,en,benign
159,28,4.714,12,0.0531,0.0377,0.0818,4,0.0,0,0,0,0,0,0,code_comment,en,benign
186,28,5.643,11,0.0608,0.0161,0.0376,5,0.0,0,0,0,0,0,0,web_page,en,benign
105,19,4.526,11,0.05,0.019,0.0381,3,0.0,0,0,1,0,0,0,product_review,fr,benign
108,16,5.75,10,0.022,0.0,0.0093,3,0.0,0,0,0,0,0,0,document,en,benign
126,19,5.632,16,0.0192,0.0,0.0238,3,0.0,0,0,0,0,0,0,email,en,benign
247,45,4.444,11,0.0811,0.0202,0.0405,8,0.0,0,0,0,0,0,0,pdf_text,en,injection
83,12,5.917,12,0.0303,0.0,0.0602,3,0.0,0,0,1,0,0,0,email,en,benign
169,24,6.083,21,0.0078,0.0,0.0947,4,0.0,0,0,0,0,0,0,tool_output,en,injection
172,26,5.538,14,0.0373,0.0116,0.0465,7,0.0,0,0,0,0,0,0,email,en,benign
225,38,4.868,12,0.0702,0.0222,0.04,8,0.0,0,0,0,0,0,0,pdf_text,en,benign
226,40,4.6,10,0.0578,0.0088,0.0398,7,0.0,0,0,0,0,0,0,document,en,injection
200,37,4.405,10,0.0779,0.005,0.04,3,0.115,0,0,0,0,0,0,web_page,en,injection
170,20,7.45,22,0.0769,0.0471,0.0647,8,0.0,0,0,0,0,0,0,calendar_invite,en,benign
169,24,6.0,22,0.08,0.0473,0.0651,8,0.0,0,0,0,0,0,0,calendar_invite,en,benign
295,39,6.513,43,0.0704,0.0475,0.0881,7,0.0,0,1,0,0,0,0,support_ticket,en,injection
333,51,5.49,14,0.0522,0.012,0.024,7,0.0,0,0,0,5,0,0,document,fr,injection
330,46,6.174,32,0.03,0.0,0.0515,3,0.0,0,1,0,0,0,0,web_page,fr,injection
162,21,6.667,22,0.0826,0.0494,0.0679,8,0.0,0,0,0,0,0,0,calendar_invite,en,benign
251,39,5.359,12,0.0347,0.0,0.0279,10,0.0,0,0,0,0,0,0,email,pt,injection
267,47,4.681,19,0.1029,0.2547,0.0599,3,0.0,0,0,0,0,0,0,web_page,en,injection
301,47,5.362,13,0.0541,0.0465,0.0498,7,0.0831,0,0,0,0,0,0,support_ticket,en,injection
88,13,5.769,11,0.0563,0.0,0.0455,3,0.0,0,0,0,1,0,0,email,en,benign
312,29,9.759,140,0.2806,0.0705,0.0256,3,0.0,0,0,1,0,0,1,product_review,en,injection
233,34,5.853,14,0.0316,0.0086,0.03,3,0.0944,0,0,0,1,0,0,product_review,en,injection
166,20,7.3,26,0.0156,0.0482,0.0542,3,0.0,0,0,3,1,0,0,rag_chunk,en,injection
123,17,6.235,12,0.0194,0.0,0.0244,3,0.0,0,0,3,0,0,0,document,en,benign
390,49,6.959,36,0.019,0.0026,0.0641,3,0.0,0,0,0,0,0,0,web_page,fr,injection
226,30,6.533,18,0.0289,0.0088,0.0796,5,0.0,0,0,3,1,6,0,product_review,en,injection
102,13,6.846,16,0.0361,0.0098,0.0392,4,0.0,0,0,0,0,0,0,support_ticket,en,benign
268,44,5.045,13,0.0464,0.0522,0.0485,7,0.0,0,0,0,0,0,0,support_ticket,fr,injection
150,21,6.143,22,0.0484,0.0,0.0333,5,0.0,0,0,1,1,0,0,email,en,injection
305,45,5.778,12,0.1061,0.0,0.0492,4,0.0,0,0,1,1,2,0,web_page,pt,injection
140,21,5.667,11,0.0172,0.0,0.0214,3,0.0,0,0,0,1,0,0,email,en,benign
240,13,17.462,132,0.3168,0.0833,0.0208,5,0.0,0,0,1,0,0,1,email,en,injection
200,27,6.407,16,0.3885,0.035,0.135,7,0.0,0,0,0,2,0,0,api_response,en,injection
96,15,5.4,10,0.025,0.0,0.0104,3,0.0,0,0,0,0,0,0,document,fr,benign
136,16,7.5,16,0.0978,0.0515,0.1544,4,0.0,0,0,0,0,0,0,api_response,en,benign
172,24,6.167,16,0.075,0.0407,0.1221,4,0.0,0,0,0,0,0,0,api_response,en,injection
240,41,4.854,10,0.0582,0.0042,0.0375,3,0.0,0,0,0,0,0,0,web_page,en,injection
328,53,5.151,14,0.0342,0.0122,0.0183,7,0.0,0,0,0,0,0,0,document,fr,injection
144,18,7.0,22,0.041,0.0,0.0278,5,0.1042,0,0,0,0,0,0,email,en,injection
150,22,5.818,22,0.0496,0.0,0.0467,5,0.0,0,0,0,0,0,0,email,en,injection
