text_length,word_count,avg_word_length,max_token_length,uppercase_ratio,digit_ratio,punct_ratio,line_count,non_ascii_ratio,zero_width_count,url_count,trigger_keyword_count,role_keyword_count,delimiter_marker_count,has_base64_blob,carrier,language,technique
191,29,5.586,16,0.0672,0.0366,0.1099,4,0.0,0,0,0,0,0,0,api_response,en,tool_abuse
234,29,7.069,16,0.0714,0.0299,0.188,4,0.0897,21,0,0,0,0,0,api_response,en,misinformation_seed
211,33,5.394,25,0.0308,0.1896,0.0379,3,0.0,0,0,0,0,0,0,product_review,en,conditional_trigger
287,44,5.477,13,0.1111,0.0557,0.0592,7,0.0836,0,0,0,0,0,0,support_ticket,fr,fake_authority
223,30,6.4,32,0.0793,0.0359,0.0897,8,0.0,0,1,0,0,0,0,calendar_invite,en,data_exfiltration
221,31,6.129,21,0.1342,0.0498,0.1357,4,0.0,0,0,0,0,0,0,api_response,en,staged_multistep
337,54,5.204,14,0.0357,0.1484,0.0208,7,0.0,0,0,0,0,0,0,document,fr,role_hijack
241,36,5.639,14,0.1243,0.0166,0.0581,7,0.0,0,0,1,2,0,0,document,en,fake_authority
216,34,5.353,11,0.0238,0.0,0.0648,6,0.0,0,0,0,0,0,0,chat_log,en,staged_multistep
296,44,5.682,32,0.0648,0.0473,0.0642,7,0.0,0,1,0,0,0,0,support_ticket,en,data_exfiltration
213,34,5.294,17,0.05,0.0282,0.0657,4,0.0,0,0,0,0,0,0,code_comment,en,conditional_trigger
353,49,6.204,16,0.1259,0.0,0.051,4,0.0,0,0,1,2,2,0,web_page,fr,delimiter_injection
317,49,5.429,14,0.0438,0.0126,0.0347,7,0.0,0,0,0,0,0,0,document,fr,tool_abuse
224,28,6.821,18,0.0191,0.0179,0.1339,5,0.0,0,0,1,1,0,0,html_metadata,en,fake_authority
205,28,6.357,21,0.0063,0.0,0.0878,4,0.1268,0,0,0,0,0,0,tool_output,en,data_exfiltration
180,21,7.571,43,0.0634,0.0,0.0944,5,0.0,0,1,0,0,0,0,email,en,output_manipulation
262,25,9.52,50,0.038,0.0038,0.2023,6,0.0,0,1,0,0,0,0,html_metadata,en,output_manipulation
303,42,6.167,14,0.0718,0.0462,0.1155,7,0.0759,23,0,0,1,0,0,support_ticket,en,role_hijack
286,47,5.043,13,0.0435,0.049,0.0524,7,0.0874,0,0,0,0,0,0,support_ticket,fr,system_prompt_leak
275,41,5.634,12,0.1296,0.0,0.0545,11,0.0,0,0,1,1,2,0,email,pt,delimiter_injection
290,43,5.698,10,0.0684,0.0138,0.0241,7,0.0,0,0,1,0,0,0,document,en,conditional_trigger
319,38,7.395,31,0.0408,0.0188,0.094,3,0.0533,17,1,0,0,0,0,rag_chunk,fr,data_exfiltration
280,38,6.289,17,0.039,0.0,0.0286,10,0.0,0,0,0,0,0,0,email,pt,conditional_trigger
332,42,6.905,39,0.0187,0.0,0.0663,3,0.0,0,1,0,0,0,0,web_page,fr,output_manipulation
247,42,4.833,13,0.0761,0.0202,0.0567,8,0.0,0,0,0,0,0,0,pdf_text,en,tool_abuse
234,36,5.5,16,0.011,0.0,0.0684,6,0.0,0,0,0,0,0,0,chat_log,en,conditional_trigger
154,20,6.7,16,0.024,0.0065,0.0455,4,0.0,0,0,1,1,0,0,support_ticket,en,fake_authority
276,40,5.825,32,0.0457,0.0,0.0507,10,0.0,0,1,0,0,0,0,email,pt,data_exfiltration
323,41,6.878,27,0.0336,0.0,0.0433,3,0.0,0,1,1,0,0,0,web_page,fr,data_exfiltration
208,28,6.429,16,0.0978,0.2837,0.1394,6,0.0,0,0,0,0,0,0,api_response,en,delimiter_injection
192,29,5.552,14,0.0336,0.0104,0.0521,7,0.0,0,0,0,0,0,0,email,en,system_prompt_leak
204,24,7.542,36,0.0201,0.0,0.1569,6,0.0,0,1,0,0,0,0,html_metadata,en,conditional_trigger
245,31,6.839,17,0.0352,0.0082,0.0449,7,0.0,0,0,0,0,0,0,email,fr,conditional_trigger
246,43,4.721,20,0.0206,0.0081,0.0285,3,0.0,0,0,0,0,0,0,product_review,en,data_exfiltration
162,18,8.0,43,0.0565,0.0062,0.1111,4,0.0,0,1,0,0,0,0,support_ticket,en,output_manipulation
165,26,5.346,26,0.0417,0.0606,0.0485,3,0.0,0,0,1,0,1,0,rag_chunk,en,data_exfiltration
292,36,7.111,43,0.0482,0.024,0.0719,3,0.0,0,0,0,5,0,0,rag_chunk,en,role_hijack
276,43,5.372,13,0.0693,0.0507,0.0507,7,0.0,0,0,0,5,0,0,support_ticket,fr,role_hijack
348,56,5.179,14,0.0325,0.0115,0.0259,7,0.0805,0,0,0,2,0,0,document,fr,system_prompt_leak
225,35,5.429,14,0.0966,0.0178,0.0444,3,0.0,0,0,1,2,0,0,product_review,en,fake_authority
241,39,5.179,20,0.0108,0.0,0.0664,6,0.0,0,0,0,0,0,0,chat_log,en,data_exfiltration
314,45,5.978,16,0.0843,0.0064,0.0573,3,0.0,0,0,1,1,0,0,web_page,pt,fake_authority
269,48,4.542,20,0.051,0.197,0.0297,10,0.0,0,0,1,0,0,0,email,en,data_exfiltration
266,38,6.0,12,0.0676,0.0,0.0226,3,0.0,0,0,4,0,0,0,web_page,pt,instruction_override
332,48,5.875,39,0.0541,0.0422,0.1355,7,0.0602,20,1,0,0,0,0,support_ticket,fr,data_exfiltration
193,24,7.083,35,0.1241,0.0,0.171,6,0.0,0,0,0,0,1,0,html_metadata,en,instruction_override
240,35,5.8,14,0.0265,0.0083,0.05,7,0.0,0,0,2,2,0,0,email,fr,system_prompt_leak
194,31,5.258,16,0.0909,0.0464,0.1134,4,0.0,0,0,0,0,1,0,api_response,en,data_exfiltration
232,33,6.0,22,0.0565,0.0345,0.056,8,0.0905,0,0,0,0,0,0,calendar_invite,en,data_exfiltration
239,43,4.512,11,0.067,0.0209,0.0418,8,0.0,0,0,0,0,0,0,pdf_text,en,data_exfiltration
214,31,5.548,16,0.0217,0.0047,0.1542,7,0.0,0,0,0,0,0,0,tool_output,en,conditional_trigger
296,50,4.88,10,0.1481,0.0068,0.0878,8,0.0,0,0,1,0,5,0,document,en,delimiter_injection
276,42,5.5,32,0.0463,0.0,0.0543,10,0.0,0,1,0,0,0,0,email,pt,data_exfiltration
223,37,4.946,28,0.0946,0.13,0.0269,10,0.0,0,0,1,0,0,1,email,en,tool_abuse
164,20,7.2,26,0.032,0.0488,0.061,3,0.0,0,0,1,0,0,0,rag_chunk,en,fake_authority
199,25,7.0,35,0.0268,0.0,0.1307,6,0.0,0,0,0,0,0,0,html_metadata,en,refusal_suppression
163,18,8.056,26,0.123,0.0613,0.0736,3,0.0,0,0,2,2,0,0,rag_chunk,en,fake_authority
288,41,5.976,24,0.0606,0.0139,0.0347,7,0.0,0,1,1,0,0,0,document,en,tool_abuse
273,43,5.302,43,0.08,0.0183,0.0842,8,0.0,0,1,0,0,0,0,pdf_text,en,output_manipulation
311,39,6.974,39,0.0245,0.0193,0.0675,3,0.0,0,1,0,0,0,0,rag_chunk,fr,output_manipulation
284,41,5.878,13,0.0843,0.2077,0.0528,7,0.0,0,0,0,0,0,0,support_ticket,en,fake_authority
342,46,6.435,13,0.0246,0.0,0.0322,3,0.0936,0,0,0,0,0,0,web_page,fr,conditional_trigger
241,36,5.639,14,0.1056,0.195,0.0581,7,0.0,0,0,0,0,0,0,document,en,fake_authority
288,42,5.857,12,0.0377,0.0,0.0243,3,0.0,0,0,4,0,0,0,web_page,pt,instruction_override
173,31,4.613,12,0.12,0.0347,0.0694,4,0.0,0,0,5,0,0,0,code_comment,en,instruction_override
185,22,7.455,21,0.0098,0.227,0.1027,4,0.0,0,0,0,0,0,0,tool_output,en,fake_authority
203,25,7.16,35,0.0261,0.0,0.1281,6,0.0,0,0,0,5,0,0,html_metadata,en,role_hijack
312,42,6.429,43,0.0359,0.0,0.0609,3,0.0,0,1,0,0,0,0,web_page,pt,output_manipulation
203,32,5.375,43,0.0714,0.0296,0.1281,4,0.0,0,1,0,0,0,0,code_comment,en,output_manipulation
199,29,5.862,16,0.0786,0.0352,0.1156,4,0.0,0,0,0,0,0,0,api_response,en,misinformation_seed
159,22,6.273,21,0.0083,0.0,0.1069,4,0.0,0,0,0,0,0,0,tool_output,en,misinformation_seed
228,34,5.706,11,0.0707,0.0132,0.0307,5,0.0,0,0,1,4,0,0,web_page,en,role_hijack
205,32,5.438,37,0.042,0.0293,0.122,4,0.0,0,1,0,0,0,0,code_comment,en,output_manipulation
247,35,6.057,16,0.1282,0.0202,0.0486,5,0.0,0,0,1,1,0,0,web_page,en,fake_authority
439,33,12.303,204,0.2782,0.0752,0.0228,3,0.0,0,0,1,0,0,1,rag_chunk,fr,staged_multistep
248,38,5.526,13,0.0292,0.254,0.0403,3,0.0,0,0,0,0,0,0,product_review,fr,conditional_trigger
215,30,6.133,22,0.0675,0.0372,0.0605,8,0.1628,0,0,0,0,0,0,calendar_invite,en,refusal_suppression
270,46,4.826,13,0.0583,0.0185,0.0407,8,0.0,0,0,1,0,0,0,pdf_text,en,staged_multistep
245,34,5.882,32,0.0286,0.0,0.098,4,0.0,0,1,3,0,0,0,code_comment,en,data_exfiltration
218,31,6.032,13,0.0508,0.0138,0.0321,5,0.0,0,0,1,0,0,0,web_page,en,instruction_override
366,53,5.906,19,0.0548,0.0109,0.0464,3,0.0,0,0,0,0,0,0,web_page,fr,staged_multistep
244,37,5.595,43,0.0428,0.0082,0.0738,3,0.0,0,1,0,0,0,0,product_review,en,output_manipulation
372,61,5.066,14,0.0373,0.0108,0.0269,7,0.0,0,0,0,0,0,0,document,fr,misinformation_seed
325,46,6.065,13,0.0187,0.0,0.0338,3,0.0,0,0,1,0,0,0,web_page,fr,system_prompt_leak
311,51,5.098,13,0.1984,0.0,0.0418,6,0.0,0,0,0,2,2,0,web_page,en,delimiter_injection
238,34,6.0,13,0.0469,0.0126,0.0378,5,0.0,0,0,2,1,0,0,web_page,en,system_prompt_leak
207,30,5.933,29,0.0455,0.029,0.1932,4,0.1208,25,0,0,0,0,0,code_comment,en,conditional_trigger
254,32,6.938,45,0.0115,0.0,0.189,6,0.0787,20,0,0,0,0,0,chat_log,en,output_manipulation
292,44,5.568,19,0.0796,0.0137,0.0514,10,0.0,0,0,0,0,0,0,email,pt,staged_multistep
227,34,5.529,18,0.027,0.2159,0.1233,5,0.0,0,0,0,0,0,0,html_metadata,en,data_exfiltration
202,34,4.618,10,0.0492,0.0149,0.1584,7,0.0,0,0,0,0,1,0,tool_output,en,data_exfiltration
246,33,6.121,19,0.0109,0.0,0.0691,4,0.0,0,0,3,0,0,0,code_comment,en,conditional_trigger
319,41,6.78,36,0.0233,0.0188,0.0439,3,0.0721,0,0,0,0,0,0,rag_chunk,fr,conditional_trigger
193,26,6.462,35,0.0286,0.0,0.1451,6,0.0,0,0,0,0,0,0,html_metadata,en,tool_abuse
330,51,5.431,13,0.0457,0.0424,0.1303,7,0.0818,27,0,0,0,0,0,support_ticket,fr,refusal_suppression
213,34,5.265,17,0.0473,0.0094,0.0376,3,0.0,0,0,0,0,0,0,product_review,fr,output_manipulation
340,55,5.145,14,0.0332,0.0118,0.0235,7,0.0,0,0,0,0,0,0,document,fr,tool_abuse
315,53,4.943,12,0.0245,0.1524,0.0317,3,0.0,0,0,0,0,0,0,web_page,en,system_prompt_leak
191,29,5.207,13,0.0339,0.0052,0.1675,7,0.0,0,0,0,1,0,0,tool_output,en,instruction_override
217,32,5.438,19,0.0127,0.0,0.0691,4,0.0,0,0,3,0,0,0,code_comment,en,output_manipulation
270,45,4.956,13,0.0519,0.2037,0.0481,7,0.0,0,0,0,0,0,0,support_ticket,fr,misinformation_seed
246,44,4.545,11,0.0645,0.0203,0.0366,8,0.0,0,0,0,0,0,0,pdf_text,en,tool_abuse
197,21,8.333,36,0.0694,0.0406,0.1168,8,0.1117,0,0,0,0,0,0,calendar_invite,en,output_manipulation
248,42,4.857,10,0.0628,0.0081,0.0444,7,0.0,0,0,0,0,0,0,document,en,misinformation_seed
194,27,6.185,32,0.035,0.0412,0.0773,3,0.0,0,1,1,0,0,0,rag_chunk,en,data_exfiltration
311,46,5.717,16,0.0602,0.0129,0.0322,7,0.0,0,0,1,0,0,0,document,en,refusal_suppression
225,35,5.429,11,0.0276,0.0089,0.0311,3,0.0,0,0,0,0,0,0,product_review,en,misinformation_seed
242,32,6.562,43,0.0759,0.1818,0.0868,5,0.0,0,0,0,0,0,0,web_page,en,output_manipulation
200,35,4.743,13,0.0411,0.03,0.07,4,0.0,0,0,1,0,0,0,code_comment,en,staged_multistep
242,32,6.406,18,0.2981,0.0165,0.1653,8,0.0,0,0,0,2,0,0,html_metadata,en,delimiter_injection
167,19,7.842,21,0.0076,0.0,0.1018,4,0.0,0,0,0,0,0,0,tool_output,en,conditional_trigger
167,20,7.35,30,0.1538,0.2096,0.1257,4,0.0,0,0,0,0,0,1,api_response,en,tool_abuse
251,34,6.382,43,0.0699,0.012,0.1116,5,0.0,0,1,0,0,0,0,web_page,en,output_manipulation
326,45,6.244,14,0.1873,0.0,0.0429,6,0.0,0,0,0,2,0,0,web_page,fr,delimiter_injection
247,38,5.5,32,0.0417,0.0081,0.0607,3,0.0,0,1,0,0,0,0,product_review,en,data_exfiltration
252,44,4.682,12,0.1135,0.0198,0.0635,8,0.0,0,0,5,0,0,0,pdf_text,en,instruction_override
233,35,5.657,14,0.0357,0.2189,0.03,3,0.0,0,0,0,0,0,0,product_review,en,system_prompt_leak
280,45,5.178,13,0.049,0.05,0.05,7,0.0,0,0,3,0,0,0,support_ticket,fr,instruction_override
344,54,5.333,14,0.1985,0.0116,0.0349,10,0.0,0,0,0,2,0,0,document,fr,delimiter_injection
257,38,5.684,12,0.0337,0.0,0.0311,10,0.0,0,0,1,1,0,0,email,pt,system_prompt_leak
196,27,6.259,16,0.0786,0.0357,0.1122,4,0.0,0,0,0,0,0,0,api_response,en,conditional_trigger
259,39,5.564,12,0.0574,0.0,0.0309,10,0.0734,0,0,0,2,0,0,email,pt,role_hijack
233,44,4.227,10,0.0634,0.1631,0.0258,10,0.0,0,0,1,0,0,0,email,en,output_manipulation
281,41,5.805,12,0.0793,0.0142,0.0249,7,0.0,0,0,5,0,0,0,document,en,instruction_override
297,50,4.94,12,0.0209,0.0,0.0269,3,0.0,0,0,0,0,0,0,web_page,en,misinformation_seed
232,41,4.659,10,0.033,0.0086,0.0302,3,0.0,0,0,0,0,0,0,product_review,en,misinformation_seed
171,23,6.435,16,0.029,0.0058,0.0468,4,0.0,0,0,0,2,0,0,support_ticket,en,instruction_override
263,37,6.054,16,0.1773,0.0076,0.0722,8,0.0,0,0,1,2,2,0,email,fr,delimiter_injection
192,24,7.042,21,0.3151,0.0,0.1146,7,0.0,0,0,0,2,0,0,tool_output,en,delimiter_injection
254,37,5.811,12,0.0899,0.0551,0.0433,7,0.0,0,0,3,0,0,0,support_ticket,pt,instruction_override
306,19,15.053,148,0.3473,0.1111,0.0425,8,0.0,0,0,1,0,0,1,calendar_invite,en,output_manipulation
200,37,4.405,8,0.0246,0.175,0.03,3,0.0,0,0,0,0,0,0,product_review,en,misinformation_seed
195,29,5.724,11,0.02,0.0,0.0821,6,0.0,0,0,0,0,0,0,chat_log,en,refusal_suppression
210,29,6.241,36,0.025,0.0095,0.0905,3,0.0,0,1,0,0,0,0,product_review,fr,output_manipulation
309,44,6.023,14,0.0241,0.0194,0.0324,3,0.0,0,0,2,2,0,0,rag_chunk,fr,system_prompt_leak
282,48,4.833,11,0.0619,0.0177,0.0603,10,0.0,0,0,1,0,0,0,pdf_text,en,delimiter_injection
236,36,5.556,13,0.0529,0.0127,0.0339,5,0.0,0,0,0,4,0,0,web_page,en,role_hijack
223,30,6.4,22,0.189,0.0359,0.0897,9,0.0,0,0,1,1,2,0,calendar_invite,en,delimiter_injection
297,54,4.463,11,0.0642,0.0168,0.0606,8,0.0,0,0,0,0,0,0,pdf_text,en,misinformation_seed
196,21,8.381,35,0.0221,0.0,0.1888,8,0.0,0,0,3,1,6,0,html_metadata,en,delimiter_injection
300,40,6.5,13,0.0516,0.0,0.0267,3,0.0667,0,0,0,0,0,0,web_page,fr,instruction_override
377,48,6.854,39,0.0164,0.0027,0.0637,3,0.0,0,0,2,2,0,0,web_page,fr,system_prompt_leak
240,42,4.667,11,0.1154,0.0208,0.0375,8,0.0,0,0,3,0,0,0,pdf_text,en,instruction_override
183,18,9.167,41,0.0236,0.0055,0.1967,4,0.1038,19,0,0,0,0,0,support_ticket,en,output_manipulation
203,30,5.767,11,0.0127,0.0,0.0739,6,0.0,0,0,0,0,0,0,chat_log,en,conditional_trigger
314,46,5.826,14,0.0238,0.0191,0.0318,3,0.0,0,0,1,1,0,0,rag_chunk,fr,fake_authority
214,36,4.944,17,0.0471,0.0093,0.028,3,0.0,0,0,0,0,0,0,product_review,en,output_manipulation
186,22,7.5,24,0.0069,0.0,0.1075,4,0.0,0,1,0,0,0,0,tool_output,en,tool_abuse
249,42,4.881,12,0.1152,0.0201,0.0361,8,0.0,0,0,4,0,0,0,pdf_text,en,instruction_override
355,52,5.788,43,0.0468,0.0113,0.0535,7,0.0,0,1,0,0,0,0,document,fr,output_manipulation
314,50,5.24,16,0.1778,0.0446,0.0701,8,0.0,0,0,1,2,2,0,support_ticket,fr,delimiter_injection
237,39,5.077,32,0.0389,0.0084,0.0675,3,0.0,0,1,0,0,0,0,product_review,fr,data_exfiltration
229,33,5.879,14,0.033,0.0087,0.0437,7,0.0,0,0,0,4,0,0,email,fr,role_hijack
309,47,5.574,13,0.0276,0.0,0.0259,3,0.0,0,0,0,0,0,0,web_page,pt,misinformation_seed
265,42,5.31,13,0.0288,0.0226,0.034,3,0.0,0,0,1,1,0,0,rag_chunk,en,fake_authority
223,35,5.371,10,0.0115,0.0,0.0628,6,0.0,0,0,2,0,0,0,chat_log,en,role_hijack
324,29,10.172,152,0.2584,0.0648,0.0216,3,0.0,0,0,1,0,0,1,product_review,en,system_prompt_leak
303,51,4.902,13,0.0457,0.0462,0.0528,7,0.0891,0,0,0,0,0,0,support_ticket,fr,refusal_suppression
342,53,5.415,14,0.0522,0.0117,0.0439,7,0.0,0,0,0,5,0,0,document,fr,role_hijack
229,33,5.939,13,0.0447,0.0262,0.048,3,0.0,0,0,0,0,0,0,rag_chunk,en,tool_abuse
294,24,11.167,128,0.2958,0.0544,0.0408,7,0.0,0,0,1,0,0,1,email,fr,misinformation_seed
225,31,6.258,27,0.0345,0.0,0.0889,6,0.0,0,1,1,0,0,0,chat_log,en,data_exfiltration
285,41,5.902,14,0.0649,0.014,0.0246,7,0.0,0,0,1,5,0,0,document,en,role_hijack
302,46,5.522,43,0.0578,0.0199,0.0762,8,0.0,0,0,1,1,0,0,pdf_text,en,instruction_override
232,37,5.27,14,0.2722,0.0086,0.056,6,0.0,0,0,0,2,0,0,product_review,fr,delimiter_injection
336,48,6.0,40,0.0338,0.003,0.0625,3,0.0,0,0,1,3,0,0,web_page,en,role_hijack
223,34,5.559,12,0.0333,0.009,0.0314,3,0.0,0,0,1,1,0,0,product_review,en,instruction_override
288,41,6.024,14,0.0258,0.0208,0.0278,3,0.0,0,0,0,0,0,0,rag_chunk,fr,misinformation_seed
229,39,4.821,12,0.0568,0.0087,0.0437,7,0.0,0,0,0,0,0,0,document,en,tool_abuse
341,50,5.78,27,0.0476,0.0117,0.0352,7,0.0,0,1,1,0,0,0,document,fr,data_exfiltration
210,28,6.464,22,0.0621,0.0381,0.0571,8,0.0,0,0,0,0,0,0,calendar_invite,en,system_prompt_leak
293,27,9.889,156,0.3853,0.0751,0.0478,4,0.0,0,0,1,0,0,1,code_comment,en,delimiter_injection
195,23,7.478,19,0.0217,0.0051,0.1641,4,0.1333,26,0,0,0,0,0,support_ticket,en,conditional_trigger
265,45,4.844,11,0.0542,0.0075,0.0491,7,0.0,0,0,0,0,0,0,document,en,refusal_suppression
211,28,6.571,35,0.0192,0.0,0.1327,6,0.0,0,0,1,0,0,0,html_metadata,en,system_prompt_leak
179,21,7.524,16,0.0238,0.0056,0.1676,4,0.1397,25,0,0,0,0,0,support_ticket,en,system_prompt_leak
255,38,5.711,37,0.0518,0.0078,0.0863,3,0.0,0,0,3,0,0,0,web_page,en,instruction_override
156,21,6.429,22,0.0462,0.0,0.0321,5,0.0,0,0,0,0,0,0,email,en,refusal_suppression
207,24,7.583,22,0.1379,0.0386,0.1401,8,0.087,18,0,1,0,0,0,calendar_invite,en,instruction_override
213,28,6.643,21,0.0769,0.0188,0.1174,4,0.0,0,0,0,0,0,0,tool_output,en,staged_multistep
302,50,5.04,12,0.0206,0.0,0.0298,3,0.0,0,0,1,1,0,0,web_page,en,system_prompt_leak
318,41,6.756,14,0.0687,0.0063,0.0409,3,0.0,0,0,1,2,0,0,web_page,fr,fake_authority
171,29,4.931,28,0.1134,0.1988,0.0702,4,0.0,0,0,0,0,0,1,code_comment,en,tool_abuse
244,40,5.1,19,0.0734,0.0164,0.0943,6,0.0,0,0,0,0,0,0,chat_log,en,staged_multistep
249,30,7.267,22,0.0794,0.3173,0.0522,8,0.0,0,0,0,0,0,0,calendar_invite,en,conditional_trigger
343,48,6.146,16,0.0212,0.0,0.035,3,0.0,0,0,0,0,0,0,web_page,fr,refusal_suppression
341,53,5.396,10,0.139,0.0117,0.0674,8,0.0,0,0,2,0,5,0,document,en,delimiter_injection
297,37,7.027,15,0.0611,0.0202,0.0842,3,0.0606,18,0,0,0,0,0,rag_chunk,fr,instruction_override
312,48,5.458,19,0.0991,0.0577,0.0673,7,0.0,0,0,0,0,0,0,support_ticket,en,staged_multistep
228,36,5.333,13,0.0221,0.0088,0.0395,3,0.0,0,0,1,0,0,0,product_review,fr,staged_multistep
337,37,8.054,124,0.2804,0.0475,0.0326,8,0.0,0,0,1,0,0,1,pdf_text,en,misinformation_seed
141,18,6.833,22,0.161,0.0,0.0355,5,0.0,0,0,0,0,1,0,email,en,instruction_override
236,39,5.051,13,0.0216,0.0085,0.0424,3,0.0,0,0,2,2,0,0,product_review,fr,system_prompt_leak
248,38,5.526,13,0.0303,0.0081,0.0403,3,0.0,0,0,0,0,0,0,product_review,fr,conditional_trigger
254,39,5.436,12,0.039,0.0,0.0276,10,0.0,0,0,0,1,0,0,email,pt,instruction_override
140,17,7.235,26,0.1028,0.0571,0.05,3,0.0,0,0,6,0,0,0,rag_chunk,en,instruction_override
255,45,4.622,11,0.0677,0.0196,0.0431,8,0.0,0,0,3,0,0,0,pdf_text,en,instruction_override
285,46,5.13,13,0.031,0.0,0.0351,10,0.0,0,0,1,0,0,0,email,fr,system_prompt_leak
396,37,9.649,176,0.301,0.0884,0.0303,7,0.0,0,0,1,0,0,1,support_ticket,fr,staged_multistep
284,41,5.878,27,0.0619,0.0493,0.0563,7,0.0,0,1,1,0,0,0,support_ticket,pt,data_exfiltration
199,34,4.853,14,0.0573,0.005,0.0352,3,0.0,0,0,0,1,0,0,web_page,en,system_prompt_leak
204,35,4.857,12,0.2252,0.0294,0.0637,4,0.0,0,0,2,1,0,0,code_comment,en,fake_authority
286,45,5.289,14,0.2311,0.0,0.0455,13,0.0699,0,0,0,0,0,0,email,fr,delimiter_injection
209,32,5.469,14,0.0373,0.0096,0.0574,7,0.0,0,0,0,0,0,0,email,en,tool_abuse
266,40,5.6,10,0.0654,0.015,0.0226,7,0.0,0,0,1,0,0,0,document,en,tool_abuse
178,21,7.476,16,0.0238,0.0056,0.1629,4,0.1348,24,0,0,0,0,0,support_ticket,en,system_prompt_leak
205,27,6.407,18,0.0211,0.0195,0.1317,5,0.0,0,0,0,0,0,0,html_metadata,en,tool_abuse
231,28,7.214,22,0.0617,0.0346,0.1385,8,0.0866,20,0,0,0,0,0,calendar_invite,en,staged_multistep
278,29,8.586,112,0.2455,0.0576,0.0324,3,0.0,0,0,1,0,0,1,web_page,en,misinformation_seed
238,34,6.0,39,0.0221,0.0084,0.0882,3,0.0,0,1,0,0,0,0,product_review,fr,output_manipulation
235,35,5.657,16,0.0269,0.0085,0.0426,7,0.0,0,0,0,0,0,0,email,en,conditional_trigger
228,41,4.488,9,0.0508,0.0044,0.0263,10,0.0789,0,0,1,0,0,0,email,en,tool_abuse
283,45,5.244,13,0.0516,0.2332,0.0495,7,0.0,0,0,0,0,0,0,support_ticket,fr,staged_multistep
229,39,4.872,10,0.033,0.0087,0.0262,3,0.1004,0,0,0,0,0,0,product_review,en,conditional_trigger
152,20,6.6,26,0.0174,0.0526,0.0526,3,0.0,0,0,1,0,0,0,rag_chunk,en,misinformation_seed
324,51,5.314,14,0.0709,0.0123,0.0401,7,0.0,0,0,4,0,0,0,document,fr,instruction_override
231,34,5.471,19,0.0118,0.0,0.0649,4,0.0,0,0,3,0,0,0,code_comment,en,tool_abuse
184,26,6.077,26,0.0143,0.0435,0.0489,3,0.0,0,0,1,0,0,0,rag_chunk,en,data_exfiltration
262,46,4.652,11,0.0859,0.0191,0.042,8,0.0,0,0,1,4,0,0,pdf_text,en,role_hijack
192,29,5.241,13,0.025,0.0052,0.1615,7,0.0,0,0,0,0,0,0,tool_output,en,staged_multistep
244,40,5.05,10,0.0524,0.0082,0.0369,7,0.0,0,0,2,0,0,0,document,en,role_hijack
207,33,5.273,12,0.0368,0.0097,0.0435,3,0.0,0,0,0,0,0,0,product_review,en,tool_abuse
366,28,12.071,204,0.3311,0.0792,0.0273,3,0.0,0,0,1,0,0,1,product_review,fr,staged_multistep
255,45,4.622,12,0.0649,0.0196,0.0706,8,0.0,0,0,0,0,0,0,pdf_text,en,misinformation_seed
169,21,7.048,22,0.1387,0.0118,0.0533,5,0.0,0,0,1,3,0,0,email,en,fake_authority
188,26,6.231,16,0.1061,0.0372,0.1223,4,0.0,0,0,1,4,0,0,api_response,en,role_hijack
327,54,5.019,19,0.0866,0.055,0.0642,7,0.0,0,0,0,0,0,0,support_ticket,fr,staged_multistep
206,27,6.63,36,0.0131,0.0,0.1262,6,0.0,0,1,0,0,0,0,chat_log,en,output_manipulation
205,32,5.406,13,0.0377,0.0098,0.0585,3,0.0,0,0,0,0,0,0,product_review,fr,tool_abuse
220,35,5.286,18,0.0581,0.0045,0.1182,5,0.0,0,0,3,1,6,0,web_page,en,delimiter_injection
177,31,4.742,13,0.0645,0.0339,0.096,4,0.0,0,0,0,0,0,0,code_comment,en,tool_abuse
191,25,6.64,16,0.0667,0.0366,0.1257,4,0.0,0,0,1,1,0,0,api_response,en,fake_authority
221,29,6.586,22,0.0588,0.0362,0.0588,8,0.0,0,0,1,0,0,0,calendar_invite,en,system_prompt_leak
175,22,6.955,16,0.0726,0.04,0.1257,4,0.0,0,0,0,0,0,0,api_response,en,conditional_trigger
235,34,5.882,22,0.125,0.0511,0.0851,8,0.0,0,0,0,0,0,0,calendar_invite,en,staged_multistep
175,22,7.0,35,0.0236,0.0,0.1543,6,0.0,0,0,0,0,0,0,html_metadata,en,system_prompt_leak
247,35,6.057,14,0.0994,0.0162,0.1093,3,0.0607,15,0,0,3,0,0,product_review,fr,fake_authority
307,41,6.439,43,0.067,0.0456,0.0814,7,0.0,0,1,0,0,0,0,support_ticket,en,output_manipulation
228,28,6.964,18,0.0185,0.0175,0.1272,5,0.0,0,0,2,1,0,0,html_metadata,en,system_prompt_leak
218,26,6.962,25,0.0161,0.1743,0.0826,4,0.0,0,0,3,0,0,0,code_comment,en,conditional_trigger
304,44,5.864,13,0.0538,0.0461,0.0658,9,0.0,0,0,1,0,0,0,support_ticket,en,delimiter_injection
265,43,5.093,17,0.0521,0.0038,0.0264,10,0.0,0,0,1,0,0,0,email,en,conditional_trigger
206,29,6.103,25,0.0125,0.0,0.0825,6,0.0,0,0,0,0,0,0,chat_log,en,conditional_trigger
255,44,4.75,11,0.067,0.0196,0.0392,8,0.0,0,0,0,6,0,0,pdf_text,en,role_hijack
303,51,4.902,13,0.0457,0.0462,0.0528,7,0.0,0,0,0,0,0,0,support_ticket,fr,refusal_suppression
321,43,6.465,14,0.0299,0.2087,0.0312,3,0.0,0,0,0,0,0,0,rag_chunk,fr,conditional_trigger
173,22,6.864,16,0.0932,0.0405,0.1503,4,0.0,0,0,0,0,0,0,api_response,en,tool_abuse
298,44,5.727,12,0.0491,0.047,0.0436,7,0.0,0,0,0,0,0,0,support_ticket,pt,misinformation_seed
318,44,6.227,14,0.0309,0.0189,0.0283,3,0.0,0,0,0,0,0,0,rag_chunk,fr,misinformation_seed
340,53,5.377,14,0.033,0.0118,0.0235,7,0.0,0,0,1,0,0,0,document,fr,staged_multistep
326,53,5.094,19,0.072,0.0123,0.0491,10,0.0,0,0,0,0,0,0,email,fr,staged_multistep
132,18,6.333,22,0.0463,0.0,0.0455,5,0.0,0,0,0,0,0,0,email,en,system_prompt_leak
308,20,14.15,137,0.2771,0.0779,0.0909,5,0.0,0,0,1,0,0,1,html_metadata,en,system_prompt_leak
291,40,6.275,14,0.0254,0.0206,0.0309,3,0.0,0,0,1,1,0,0,rag_chunk,fr,system_prompt_leak
187,23,7.174,21,0.3169,0.0,0.1176,7,0.0,0,0,0,2,2,0,tool_output,en,delimiter_injection
331,46,6.196,13,0.0187,0.0,0.0514,3,0.0,0,0,1,0,0,0,web_page,fr,staged_multistep
215,36,4.972,13,0.0237,0.0093,0.0372,3,0.0,0,0,0,0,0,0,product_review,fr,misinformation_seed
240,35,5.857,21,0.122,0.0458,0.125,4,0.0,0,0,0,0,0,0,api_response,en,staged_multistep
256,41,5.195,12,0.1762,0.0078,0.0703,8,0.0,0,0,1,1,3,0,document,en,delimiter_injection
225,34,5.559,14,0.0565,0.0089,0.0444,7,0.0,0,0,1,5,0,0,email,en,role_hijack
142,21,5.762,22,0.069,0.0,0.0352,5,0.0,0,0,0,0,0,0,email,en,refusal_suppression
271,40,5.7,14,0.2407,0.0,0.0443,13,0.0,0,0,0,2,0,0,email,pt,delimiter_injection
239,28,7.143,43,0.0353,0.0,0.1213,4,0.0,0,1,3,0,0,0,code_comment,en,output_manipulation
221,29,6.241,19,0.0183,0.0,0.0724,4,0.0,0,0,3,6,0,0,code_comment,en,role_hijack
173,27,5.0,15,0.0505,0.0058,0.2023,7,0.0,0,0,0,0,0,0,tool_output,en,tool_abuse
304,47,5.426,41,0.0531,0.0197,0.0757,8,0.0,0,0,0,0,0,0,pdf_text,en,misinformation_seed
310,24,11.833,144,0.2609,0.0645,0.0355,7,0.0,0,0,1,0,0,1,email,fr,staged_multistep
243,42,4.738,12,0.1135,0.0206,0.037,8,0.0,0,0,5,0,0,0,pdf_text,en,instruction_override
322,28,10.5,160,0.3011,0.0528,0.0248,3,0.0,0,0,1,0,0,1,product_review,fr,fake_authority
207,33,5.273,13,0.0432,0.0097,0.0483,3,0.0,0,0,0,0,0,0,product_review,en,tool_abuse
230,38,5.0,10,0.0562,0.0087,0.0435,7,0.1043,0,0,0,0,0,0,document,en,misinformation_seed
237,36,5.583,10,0.0259,0.0084,0.0253,3,0.0,0,0,2,0,0,0,product_review,en,role_hijack
235,36,5.528,12,0.1477,0.0,0.0979,7,0.0,0,0,1,1,3,0,chat_log,en,delimiter_injection
221,34,5.5,13,0.0511,0.009,0.0407,3,0.0,0,0,0,5,0,0,product_review,fr,role_hijack
236,33,5.818,19,0.0172,0.0,0.072,4,0.0,0,0,3,0,0,0,code_comment,en,refusal_suppression
291,14,19.857,160,0.3197,0.0515,0.0619,4,0.0,0,0,1,0,0,1,tool_output,en,misinformation_seed
228,34,5.706,10,0.0272,0.0088,0.0351,3,0.0,0,0,1,1,0,0,product_review,en,system_prompt_leak
260,40,5.425,13,0.0714,0.0,0.0269,10,0.0,0,0,4,0,0,0,email,fr,instruction_override
271,44,5.114,10,0.0654,0.0148,0.0258,7,0.0,0,0,1,0,0,0,document,en,refusal_suppression
304,20,14.15,152,0.3237,0.0987,0.0395,8,0.0,0,0,1,0,0,1,calendar_invite,en,conditional_trigger
177,34,4.235,9,0.0632,0.2034,0.0734,4,0.0,0,0,0,0,0,0,code_comment,en,refusal_suppression
247,37,5.676,11,0.1314,0.2308,0.0648,6,0.0,0,0,0,0,2,0,web_page,en,delimiter_injection
259,39,5.564,12,0.0574,0.0,0.0309,10,0.0,0,0,1,4,0,0,email,pt,role_hijack
190,22,7.682,21,0.0093,0.2316,0.0895,4,0.0,0,0,0,0,0,0,tool_output,en,system_prompt_leak
314,40,6.85,17,0.0309,0.0191,0.0287,3,0.0,0,0,0,0,0,0,rag_chunk,fr,conditional_trigger
326,46,6.087,19,0.0669,0.0307,0.0491,3,0.0,0,0,0,0,0,0,rag_chunk,fr,staged_multistep
201,30,5.7,10,0.0385,0.0,0.0746,6,0.0,0,0,1,3,0,0,chat_log,en,role_hijack
250,46,4.391,11,0.0638,0.02,0.036,8,0.0,0,0,1,0,0,0,pdf_text,en,refusal_suppression
188,23,7.217,21,0.0068,0.0,0.0957,4,0.1064,0,0,0,0,0,0,tool_output,en,staged_multistep
313,43,6.279,14,0.0277,0.0192,0.0351,3,0.0,0,0,0,2,0,0,rag_chunk,fr,instruction_override
220,30,6.333,25,0.0279,0.0091,0.0409,3,0.0,0,0,0,0,0,0,product_review,en,conditional_trigger
222,25,7.88,17,0.0803,0.0315,0.2387,4,0.1306,29,0,0,0,0,0,api_response,en,fake_authority
239,37,5.459,11,0.0474,0.0126,0.0377,5,0.0,0,0,0,0,0,0,web_page,en,tool_abuse
322,24,12.333,156,0.3057,0.059,0.0373,7,0.0,0,0,1,0,0,1,email,fr,system_prompt_leak
221,37,4.973,24,0.0523,0.0045,0.0498,3,0.0,0,1,0,0,0,0,web_page,en,tool_abuse
283,47,4.979,13,0.0439,0.0495,0.0495,7,0.0,0,0,0,0,0,0,support_ticket,fr,tool_abuse
392,32,11.25,148,0.2584,0.0587,0.0204,3,0.0,0,0,1,0,0,1,rag_chunk,fr,fake_authority
244,42,4.738,12,0.0794,0.0041,0.0369,10,0.0,0,0,2,1,0,0,email,en,fake_authority
241,31,6.613,18,0.0241,0.0166,0.1452,7,0.0,0,0,1,0,0,0,html_metadata,en,delimiter_injection
317,26,11.192,136,0.2652,0.0631,0.0221,3,0.0,0,0,1,0,0,1,product_review,en,role_hijack
193,24,7.0,22,0.1208,0.0415,0.057,8,0.0,0,0,4,0,0,0,calendar_invite,en,instruction_override
287,42,5.786,14,0.0512,0.0488,0.0453,7,0.0,0,0,0,0,0,0,support_ticket,en,system_prompt_leak
286,29,8.862,120,0.2716,0.0524,0.035,3,0.0,0,0,1,0,0,1,web_page,en,output_manipulation
301,47,5.362,13,0.0541,0.0465,0.0498,7,0.0,0,0,1,0,0,0,support_ticket,en,refusal_suppression
258,46,4.565,13,0.0612,0.0194,0.0349,8,0.0,0,0,0,0,0,0,pdf_text,en,staged_multistep
232,35,5.629,43,0.0444,0.1853,0.0819,3,0.0,0,0,0,0,0,0,product_review,en,output_manipulation
277,44,5.25,43,0.0792,0.0181,0.0866,8,0.0,0,1,0,0,0,0,pdf_text,en,output_manipulation
301,45,5.644,36,0.0536,0.2193,0.0631,7,0.0,0,0,0,0,0,0,support_ticket,fr,conditional_trigger
302,54,4.556,11,0.0614,0.0166,0.043,8,0.0,0,0,0,0,0,0,pdf_text,en,misinformation_seed
287,17,15.882,150,0.3822,0.0767,0.0801,4,0.0,0,0,1,0,0,1,api_response,en,data_exfiltration
215,33,5.515,13,0.018,0.0,0.0698,6,0.0,0,0,0,0,0,0,chat_log,en,refusal_suppression
170,23,6.391,16,0.2045,0.0059,0.0765,5,0.0,0,0,1,1,3,0,support_ticket,en,delimiter_injection
130,16,7.125,16,0.0377,0.0077,0.0462,4,0.0,0,0,0,0,0,0,support_ticket,en,refusal_suppression
266,14,18.0,164,0.3938,0.0789,0.0188,5,0.0,0,0,1,0,0,1,email,en,output_manipulation
259,45,4.711,11,0.0808,0.0193,0.0347,8,0.0,0,0,1,4,0,0,pdf_text,en,role_hijack
223,33,5.758,13,0.0115,0.0,0.0717,6,0.0,0,0,2,1,0,0,chat_log,en,system_prompt_leak
142,18,6.889,22,0.0609,0.0,0.0634,5,0.0,0,0,0,0,0,0,email,en,tool_abuse
250,41,5.049,11,0.0532,0.008,0.068,7,0.0,0,0,1,0,0,0,document,en,staged_multistep
305,43,6.093,16,0.0843,0.0066,0.0361,3,0.0,0,0,1,1,0,0,web_page,pt,fake_authority
239,33,5.909,19,0.0114,0.0,0.0753,4,0.0,0,0,4,0,0,0,code_comment,en,system_prompt_leak
228,33,5.909,11,0.0112,0.0,0.0702,6,0.0,0,0,1,1,0,0,chat_log,en,fake_authority
304,49,5.163,16,0.045,0.0461,0.0526,7,0.0,0,0,0,0,0,0,support_ticket,fr,refusal_suppression
219,36,5.083,10,0.0286,0.0091,0.0274,3,0.0,0,0,0,0,0,0,product_review,en,output_manipulation
217,28,6.786,35,0.0184,0.0,0.1244,6,0.0,0,0,1,1,0,0,html_metadata,en,fake_authority
287,44,5.523,14,0.0262,0.0209,0.0279,3,0.0,0,0,1,0,0,0,rag_chunk,fr,refusal_suppression
231,32,6.062,32,0.0387,0.0173,0.1515,5,0.0,0,1,0,0,0,0,html_metadata,en,data_exfiltration
255,45,4.622,11,0.0622,0.0196,0.0392,8,0.0706,0,0,0,0,0,0,pdf_text,en,misinformation_seed
273,44,5.159,13,0.0455,0.0513,0.0513,7,0.0,0,0,1,1,0,0,support_ticket,fr,system_prompt_leak
199,32,4.875,11,0.0242,0.005,0.1558,7,0.0,0,0,0,0,0,0,tool_output,en,tool_abuse
332,46,6.217,16,0.1407,0.0181,0.0512,4,0.0,0,0,1,2,2,0,rag_chunk,fr,delimiter_injection
171,30,4.733,11,0.0574,0.0351,0.0819,4,0.0,0,0,0,0,0,0,code_comment,en,refusal_suppression
157,20,6.85,26,0.0168,0.051,0.0573,3,0.0,0,0,2,1,0,0,rag_chunk,en,system_prompt_leak
200,26,6.654,22,0.0719,0.04,0.06,8,0.0,0,0,0,6,0,0,calendar_invite,en,role_hijack
240,40,5.0,12,0.1522,0.0083,0.0583,4,0.0,0,0,1,1,3,0,product_review,en,delimiter_injection
228,36,5.333,32,0.0292,0.0,0.0921,6,0.0,0,1,0,0,0,0,chat_log,en,data_exfiltration
224,32,5.844,18,0.0192,0.0179,0.1205,5,0.0,0,0,0,0,0,0,html_metadata,en,tool_abuse
297,45,5.6,12,0.0246,0.0,0.0269,3,0.0,0,0,0,0,0,0,web_page,pt,refusal_suppression
328,52,5.269,38,0.0679,0.0152,0.1463,8,0.0945,31,0,0,0,0,0,pdf_text,en,data_exfiltration
349,39,7.949,40,0.0361,0.0201,0.0745,3,0.0,0,1,1,0,0,0,rag_chunk,fr,data_exfiltration
186,19,8.842,21,0.0076,0.0,0.1882,4,0.1022,19,0,0,0,0,0,tool_output,en,instruction_override
282,43,5.558,14,0.0267,0.0213,0.0284,3,0.0,0,0,0,0,0,0,rag_chunk,fr,refusal_suppression
247,34,6.206,14,0.0393,0.0081,0.1255,7,0.0891,22,0,0,0,0,0,email,en,conditional_trigger
214,28,6.464,18,0.0201,0.0187,0.1308,5,0.0,0,0,0,0,0,0,html_metadata,en,misinformation_seed
271,43,5.256,27,0.0777,0.0185,0.0554,8,0.0,0,1,1,0,0,0,pdf_text,en,data_exfiltration
169,33,4.152,13,0.0696,0.0355,0.0947,4,0.0,0,0,0,0,0,0,code_comment,en,tool_abuse
311,40,6.775,41,0.0295,0.0225,0.0868,5,0.0,0,0,1,0,0,0,rag_chunk,en,delimiter_injection
291,26,10.231,148,0.3496,0.0893,0.0481,4,0.0,0,0,1,0,0,1,code_comment,en,data_exfiltration
223,33,5.758,10,0.0331,0.009,0.0314,3,0.0942,0,0,0,1,0,0,product_review,en,role_hijack
186,27,5.852,22,0.0725,0.043,0.0645,8,0.0,0,0,0,0,0,0,calendar_invite,en,misinformation_seed
234,36,5.444,32,0.0452,0.0085,0.0726,7,0.0,0,1,0,0,0,0,email,en,data_exfiltration
334,21,14.667,169,0.3294,0.0808,0.0868,5,0.0,0,0,1,0,0,1,html_metadata,en,misinformation_seed
386,36,9.667,160,0.299,0.0803,0.0389,7,0.0,0,0,1,0,0,1,support_ticket,fr,delimiter_injection
227,37,5.135,13,0.0221,0.0088,0.0308,3,0.1233,0,0,2,0,0,0,product_review,fr,role_hijack
212,34,5.235,13,0.0122,0.0,0.066,6,0.0991,0,0,0,0,0,0,chat_log,en,staged_multistep
253,18,13.111,108,0.3096,0.0514,0.1028,6,0.0,0,0,1,0,0,1,html_metadata,en,instruction_override
213,29,6.345,16,0.0714,0.0329,0.108,4,0.0,0,0,0,0,0,0,api_response,en,misinformation_seed
196,23,7.565,21,0.1133,0.0102,0.1071,4,0.0,0,0,1,1,0,0,tool_output,en,fake_authority
195,23,7.478,16,0.029,0.0051,0.1641,4,0.1231,24,0,0,0,0,0,support_ticket,en,instruction_override
227,32,6.031,36,0.0588,0.0088,0.0925,7,0.0,0,1,0,0,0,0,document,en,output_manipulation
191,37,4.189,10,0.073,0.0314,0.0628,4,0.0,0,0,2,4,0,0,code_comment,en,role_hijack
158,20,6.9,26,0.0244,0.2975,0.0506,3,0.0,0,0,1,0,0,0,rag_chunk,en,refusal_suppression
260,44,4.909,13,0.0296,0.0077,0.0423,3,0.0,0,0,0,0,0,0,product_review,fr,misinformation_seed
304,51,4.961,12,0.0285,0.0,0.023,3,0.0,0,0,0,0,0,0,web_page,en,staged_multistep
135,17,6.941,16,0.1532,0.0074,0.037,4,0.0,0,0,0,0,1,0,support_ticket,en,instruction_override
240,31,6.581,18,0.1646,0.0167,0.15,6,0.0,0,0,1,1,3,0,html_metadata,en,delimiter_injection
208,28,6.464,35,0.026,0.0,0.1298,6,0.0,0,0,0,0,0,0,html_metadata,en,refusal_suppression
348,56,5.179,14,0.0325,0.0115,0.0259,7,0.0,0,0,2,2,0,0,document,fr,system_prompt_leak
220,31,6.097,14,0.0893,0.0091,0.0864,6,0.0,0,0,1,2,0,0,chat_log,en,fake_authority
203,38,4.368,10,0.0714,0.266,0.069,4,0.0,0,0,0,0,0,0,code_comment,en,misinformation_seed
265,45,4.844,19,0.1082,0.0226,0.0679,7,0.0,0,0,0,0,0,0,document,en,staged_multistep
211,37,4.73,12,0.2027,0.0284,0.0995,5,0.0,0,0,1,1,3,0,code_comment,en,delimiter_injection
314,47,5.638,37,0.0553,0.0191,0.0764,8,0.0,0,0,3,0,0,0,pdf_text,en,instruction_override
299,45,5.6,32,0.073,0.0134,0.0502,7,0.0,0,1,1,0,0,0,document,en,data_exfiltration
236,33,6.091,14,0.2717,0.0085,0.0636,10,0.0,0,0,0,2,0,0,email,fr,delimiter_injection
230,27,7.481,22,0.0625,0.0348,0.1478,8,0.087,20,0,0,0,0,0,calendar_invite,en,fake_authority
181,25,6.24,16,0.0794,0.0387,0.1271,4,0.0,0,0,3,0,0,0,api_response,en,instruction_override
159,22,6.227,16,0.062,0.0063,0.0377,4,0.0,0,0,1,5,0,0,support_ticket,en,role_hijack
210,27,6.741,22,0.0625,0.0381,0.0667,8,0.0,0,0,1,1,0,0,calendar_invite,en,fake_authority
290,48,5.0,13,0.0628,0.0172,0.0414,8,0.0,0,0,0,0,0,0,pdf_text,en,conditional_trigger
247,38,5.5,10,0.0469,0.0121,0.0567,5,0.0,0,0,2,0,0,0,web_page,en,role_hijack
245,25,8.76,45,0.0617,0.0327,0.2,8,0.102,25,1,0,0,0,0,calendar_invite,en,output_manipulation
213,29,6.172,18,0.0204,0.0188,0.1315,5,0.0,0,0,0,0,0,0,html_metadata,en,tool_abuse
331,48,5.833,21,0.0332,0.0,0.1178,10,0.0846,28,0,0,0,0,0,email,fr,refusal_suppression
216,33,5.545,12,0.0482,0.0,0.0787,6,0.0,0,0,1,1,0,0,chat_log,en,fake_authority
138,17,7.118,16,0.0263,0.0072,0.0362,4,0.0,0,0,0,0,0,0,support_ticket,en,conditional_trigger
274,45,5.044,13,0.1262,0.0255,0.0511,8,0.0,0,0,1,3,0,0,pdf_text,en,fake_authority
272,45,5.044,19,0.0732,0.0221,0.0588,3,0.0,0,0,0,0,0,0,product_review,fr,staged_multistep
234,27,7.481,18,0.0267,0.0171,0.2051,5,0.0855,20,0,0,1,0,0,html_metadata,en,role_hijack
205,25,7.24,35,0.0327,0.0,0.1366,6,0.0,0,0,0,0,0,0,html_metadata,en,fake_authority
217,31,5.968,32,0.0823,0.0369,0.0876,8,0.0,0,1,0,0,0,0,calendar_invite,en,data_exfiltration
384,54,6.074,37,0.0331,0.013,0.0547,7,0.0,0,0,3,0,0,0,document,fr,instruction_override
235,34,5.853,14,0.027,0.0085,0.0511,7,0.0,0,0,1,0,0,0,email,fr,system_prompt_leak
268,45,4.911,24,0.0591,0.0187,0.0485,8,0.0,0,1,0,0,0,0,pdf_text,en,tool_abuse
229,37,5.189,10,0.0226,0.0,0.0655,6,0.083,0,0,0,0,0,0,chat_log,en,misinformation_seed
198,25,6.96,35,0.0204,0.0,0.1364,6,0.0,0,0,1,1,0,0,html_metadata,en,system_prompt_leak
207,28,6.357,22,0.0955,0.0386,0.0628,8,0.0,0,0,1,4,0,0,calendar_invite,en,role_hijack
291,47,5.191,13,0.0211,0.0,0.0241,3,0.0,0,0,1,0,0,0,web_page,en,instruction_override
208,26,7.038,35,0.0192,0.0,0.1298,6,0.0,0,0,1,0,0,0,html_metadata,en,staged_multistep
233,29,6.862,18,0.1856,0.0172,0.1202,5,0.0987,0,0,0,0,0,0,html_metadata,en,fake_authority
184,26,6.038,22,0.0896,0.0435,0.0815,8,0.0,0,0,0,0,0,0,calendar_invite,en,tool_abuse
301,41,6.341,14,0.0245,0.0199,0.0299,3,0.0,0,0,1,0,0,0,rag_chunk,fr,staged_multistep
307,50,5.14,12,0.0202,0.0,0.0326,3,0.0,0,0,1,1,0,0,web_page,en,fake_authority
218,35,5.229,13,0.0233,0.0092,0.0413,3,0.0,0,0,1,1,0,0,product_review,fr,system_prompt_leak
261,41,5.317,13,0.0855,0.2031,0.046,7,0.0,0,0,0,0,0,0,support_ticket,fr,instruction_override
273,43,5.302,13,0.0547,0.0513,0.044,7,0.0,0,0,0,0,0,0,support_ticket,en,output_manipulation
380,52,6.269,43,0.0467,0.0132,0.0553,7,0.0,0,0,0,5,0,0,document,fr,role_hijack
212,31,5.484,32,0.0465,0.0047,0.1887,7,0.0,0,1,0,0,0,0,tool_output,en,data_exfiltration
260,41,5.293,13,0.0595,0.0538,0.0654,7,0.0,0,0,0,0,0,0,support_ticket,fr,tool_abuse
281,43,5.535,12,0.0216,0.0,0.0249,3,0.0,0,0,0,0,0,0,web_page,pt,tool_abuse
356,30,10.8,168,0.2901,0.0534,0.0337,7,0.0,0,0,1,0,0,1,document,en,data_exfiltration
150,20,6.5,22,0.0814,0.26,0.0333,5,0.0,0,0,0,0,0,0,email,en,output_manipulation
284,42,5.714,27,0.0628,0.0493,0.0634,7,0.0,0,1,1,0,0,0,support_ticket,fr,data_exfiltration
229,40,4.725,10,0.0278,0.0087,0.0306,3,0.0,0,0,0,0,0,0,product_review,en,refusal_suppression
318,40,6.9,48,0.0605,0.044,0.1447,7,0.0692,22,0,0,0,0,0,support_ticket,pt,output_manipulation
344,52,5.577,14,0.0842,0.0174,0.032,7,0.0,0,0,1,3,0,0,document,fr,fake_authority
151,21,6.19,16,0.0676,0.3245,0.0397,4,0.0,0,0,0,0,0,0,support_ticket,en,role_hijack
183,22,7.364,21,0.0139,0.0,0.0929,4,0.0,0,0,0,5,0,0,tool_output,en,role_hijack
214,29,6.345,22,0.0606,0.0374,0.0514,8,0.0,0,0,2,0,0,0,calendar_invite,en,role_hijack
200,27,6.333,14,0.0813,0.01,0.045,7,0.0,0,0,4,0,0,0,email,fr,instruction_override
274,46,4.891,13,0.0505,0.0,0.0255,10,0.0,0,0,1,4,0,0,email,fr,role_hijack
224,35,5.4,13,0.0405,0.0,0.0714,6,0.0,0,0,1,5,0,0,chat_log,en,role_hijack
236,34,5.941,24,0.0263,0.0085,0.0424,3,0.0,0,1,0,0,0,0,product_review,en,tool_abuse
285,35,7.143,40,0.0402,0.014,0.0772,5,0.0,0,0,2,1,0,0,web_page,en,system_prompt_leak
303,50,5.06,13,0.0245,0.0,0.0264,3,0.0,0,0,0,0,0,0,web_page,en,refusal_suppression
279,45,5.133,13,0.0359,0.0,0.0287,10,0.0896,0,0,0,2,0,0,email,fr,role_hijack
212,27,6.815,22,0.061,0.0377,0.0566,8,0.0,0,0,1,1,0,0,calendar_invite,en,system_prompt_leak
255,43,4.86,27,0.066,0.0039,0.0431,10,0.0,0,1,2,0,0,0,email,en,data_exfiltration
173,25,5.92,16,0.1011,0.2139,0.1272,4,0.0,0,0,0,0,0,0,api_response,en,refusal_suppression
170,16,9.688,36,0.0079,0.0,0.1647,4,0.0,0,1,0,0,0,0,tool_output,en,output_manipulation
177,34,4.235,9,0.072,0.0339,0.0734,4,0.0,0,0,0,0,0,0,code_comment,en,refusal_suppression
144,20,6.2,26,0.0467,0.0556,0.0556,3,0.1181,0,0,1,0,0,0,rag_chunk,en,refusal_suppression
189,28,5.357,10,0.0345,0.0053,0.1746,7,0.0,0,0,3,0,0,0,tool_output,en,instruction_override
220,29,6.517,19,0.0312,0.0091,0.1227,7,0.0864,19,0,0,0,0,0,email,en,system_prompt_leak
280,46,5.043,13,0.049,0.05,0.0464,7,0.0,0,0,0,4,0,0,support_ticket,fr,role_hijack
197,30,5.567,12,0.0719,0.0,0.0711,6,0.0,0,0,5,0,0,0,chat_log,en,instruction_override
191,30,5.367,12,0.0138,0.0,0.0838,6,0.0,0,0,0,0,0,0,chat_log,en,system_prompt_leak
352,57,5.14,14,0.0391,0.0114,0.0227,7,0.0,0,0,0,0,0,0,document,fr,misinformation_seed
277,44,5.25,13,0.067,0.0181,0.1155,8,0.0794,22,0,0,1,0,0,pdf_text,en,role_hijack
229,39,4.795,9,0.0726,0.0044,0.0306,10,0.0,0,0,2,3,0,0,email,en,role_hijack
303,42,6.167,17,0.0645,0.0132,0.0231,7,0.0,0,0,1,0,0,0,document,en,conditional_trigger
332,46,6.174,50,0.0658,0.0181,0.1054,8,0.0,0,1,0,0,0,0,pdf_text,en,output_manipulation
220,27,6.741,15,0.064,0.0045,0.2545,7,0.1045,23,0,0,0,0,0,tool_output,en,role_hijack
202,25,6.88,18,0.078,0.0198,0.1337,5,0.0,0,0,3,0,0,0,html_metadata,en,instruction_override
295,49,4.959,13,0.03,0.0,0.0339,10,0.0,0,0,1,1,0,0,email,fr,fake_authority
284,43,5.558,12,0.0429,0.0493,0.0493,7,0.0,0,0,1,0,0,0,support_ticket,pt,system_prompt_leak
225,30,6.5,12,0.0385,0.0,0.1733,6,0.1067,24,0,1,3,0,0,chat_log,en,role_hijack
326,45,6.244,14,0.1161,0.1319,0.0429,6,0.0,0,0,0,0,0,0,web_page,fr,delimiter_injection
242,38,5.316,13,0.0638,0.0083,0.0496,7,0.0,0,0,0,0,0,0,document,en,fake_authority
272,40,5.8,11,0.0306,0.0074,0.125,3,0.0919,25,0,0,0,0,0,product_review,en,refusal_suppression
292,43,5.744,13,0.0594,0.0479,0.0445,7,0.0,0,0,0,0,0,0,support_ticket,en,conditional_trigger
243,44,4.477,10,0.071,0.0165,0.0412,7,0.0,0,0,0,0,1,0,document,en,data_exfiltration
430,34,11.588,204,0.3145,0.0953,0.0349,7,0.0,0,0,1,0,0,1,support_ticket,en,staged_multistep
212,27,6.444,19,0.0127,0.0,0.0708,4,0.0,0,0,3,1,0,0,code_comment,en,system_prompt_leak
248,42,4.905,13,0.0259,0.0081,0.0444,3,0.0,0,0,0,0,0,0,product_review,fr,refusal_suppression
301,45,5.644,36,0.0409,0.0465,0.0631,7,0.0,0,1,0,0,0,0,support_ticket,fr,conditional_trigger
258,36,6.167,18,0.011,0.0,0.155,6,0.093,24,0,0,0,0,0,chat_log,en,conditional_trigger
192,23,7.348,16,0.1642,0.0469,0.1354,4,0.0,0,0,1,2,0,0,api_response,en,fake_authority
201,23,7.739,37,0.0657,0.0348,0.1692,4,0.0,0,1,0,0,0,0,api_response,en,output_manipulation
202,27,6.481,16,0.0621,0.0347,0.1139,4,0.0,0,0,2,1,0,0,api_response,en,system_prompt_leak
173,25,5.92,16,0.1008,0.0405,0.1272,4,0.0,0,0,0,0,0,0,api_response,en,refusal_suppression
220,37,4.946,13,0.0286,0.0091,0.0273,3,0.0,0,0,0,0,0,0,product_review,en,refusal_suppression
249,40,5.225,16,0.0255,0.008,0.0442,3,0.0,0,0,0,0,0,0,product_review,fr,refusal_suppression
216,28,6.714,16,0.0701,0.0324,0.1111,4,0.1157,0,0,0,0,0,0,api_response,en,conditional_trigger
194,24,7.125,21,0.0093,0.2268,0.0928,4,0.0,0,0,0,0,0,0,tool_output,en,system_prompt_leak
167,21,6.952,16,0.0862,0.0419,0.1377,4,0.0,0,0,0,0,0,0,api_response,en,refusal_suppression
242,12,19.167,140,0.2886,0.0868,0.0289,4,0.0,0,0,1,0,0,1,support_ticket,en,staged_multistep
155,19,7.158,36,0.0244,0.0065,0.071,4,0.0,0,1,0,0,0,0,support_ticket,en,conditional_trigger
179,22,7.182,21,0.0143,0.0,0.095,4,0.0,0,0,0,0,0,0,tool_output,en,refusal_suppression
228,35,5.514,14,0.2717,0.0,0.0877,9,0.0,0,0,0,2,0,0,chat_log,en,delimiter_injection
309,44,6.023,13,0.0195,0.0,0.0291,3,0.0,0,0,0,0,0,0,web_page,fr,misinformation_seed
216,33,5.545,22,0.1667,0.0,0.0972,6,0.1528,0,0,0,0,4,0,email,en,delimiter_injection
226,37,5.108,13,0.0335,0.0088,0.0354,3,0.0973,0,0,0,0,0,0,product_review,en,fake_authority
247,35,6.057,13,0.0337,0.0081,0.1296,3,0.0891,22,0,0,0,0,0,product_review,fr,fake_authority
216,29,6.276,18,0.02,0.0185,0.1296,5,0.0,0,0,0,0,0,0,html_metadata,en,misinformation_seed
244,31,6.516,19,0.1006,0.0082,0.082,4,0.1516,0,0,3,0,0,0,code_comment,en,fake_authority
185,23,7.087,21,0.0139,0.0,0.0973,4,0.0,0,0,3,0,0,0,tool_output,en,instruction_override
207,29,5.759,27,0.0538,0.0048,0.1739,7,0.0,0,1,1,0,0,0,tool_output,en,data_exfiltration
305,52,4.865,13,0.0255,0.0,0.059,3,0.0,0,0,0,0,0,0,web_page,en,tool_abuse
219,27,7.074,22,0.1455,0.0457,0.0731,8,0.0,0,0,1,3,0,0,calendar_invite,en,fake_authority
313,26,11.038,152,0.3135,0.0639,0.0479,6,0.0,0,0,1,0,0,1,chat_log,en,fake_authority
311,42,6.357,19,0.0526,0.045,0.1383,7,0.0997,31,0,0,0,0,0,support_ticket,en,staged_multistep
222,39,4.692,10,0.0301,0.009,0.0676,6,0.0,0,0,0,0,1,0,chat_log,en,data_exfiltration
287,46,5.196,14,0.2621,0.0488,0.0627,10,0.0,0,0,0,2,0,0,support_ticket,fr,delimiter_injection
248,37,5.703,16,0.0249,0.0081,0.0323,3,0.121,0,0,0,0,0,0,product_review,en,conditional_trigger
211,23,8.217,43,0.0467,0.0,0.1848,6,0.0,0,1,0,0,0,0,html_metadata,en,output_manipulation
255,40,5.375,20,0.0244,0.0078,0.0314,3,0.0,0,0,0,0,0,0,product_review,en,data_exfiltration
199,25,6.96,38,0.0588,0.0,0.191,5,0.1256,25,1,0,0,0,0,email,en,data_exfiltration
372,61,5.066,14,0.0418,0.1613,0.0269,7,0.0,0,0,0,0,0,0,document,fr,misinformation_seed
237,36,5.583,12,0.0374,0.0253,0.0338,3,0.0,0,0,3,0,0,0,rag_chunk,en,instruction_override
272,37,6.297,25,0.0636,0.0147,0.0331,7,0.0,0,0,1,0,0,0,document,en,conditional_trigger
216,34,5.353,11,0.016,0.1991,0.0648,6,0.0,0,0,0,0,0,0,chat_log,en,staged_multistep
373,47,6.936,39,0.0594,0.0295,0.0777,3,0.0,0,0,0,0,0,0,rag_chunk,fr,staged_multistep
152,22,5.909,22,0.04,0.0,0.0329,5,0.0,0,0,0,0,0,0,email,en,misinformation_seed
209,34,5.147,10,0.0301,0.0096,0.0335,3,0.0,0,0,0,0,0,0,product_review,en,misinformation_seed
353,58,5.052,14,0.0321,0.0113,0.0255,7,0.0,0,0,1,1,0,0,document,fr,fake_authority
258,41,5.244,18,0.0645,0.0194,0.0814,10,0.0,0,0,3,1,6,0,pdf_text,en,delimiter_injection
244,37,5.595,12,0.041,0.0246,0.0246,3,0.0,0,0,0,0,0,0,rag_chunk,en,staged_multistep
238,34,5.676,32,0.0296,0.0,0.0966,4,0.0,0,1,3,0,0,0,code_comment,en,data_exfiltration
191,26,6.308,22,0.069,0.0419,0.0576,8,0.0,0,0,0,0,0,0,calendar_invite,en,tool_abuse
198,36,4.5,13,0.0476,0.1364,0.0455,3,0.0,0,0,0,0,0,0,product_review,en,tool_abuse
305,42,6.262,14,0.209,0.0197,0.0426,6,0.0,0,0,0,2,0,0,rag_chunk,fr,delimiter_injection
294,46,5.326,13,0.0342,0.0,0.0374,10,0.0,0,0,0,2,0,0,email,fr,instruction_override
196,28,6.0,16,0.0725,0.0357,0.1173,4,0.0,0,0,0,0,0,0,api_response,en,refusal_suppression
364,50,6.24,41,0.0389,0.0137,0.0659,7,0.0,0,0,0,0,0,0,document,fr,tool_abuse
209,40,4.25,10,0.047,0.0287,0.0718,4,0.0,0,0,1,0,0,0,code_comment,en,refusal_suppression
293,26,10.269,112,0.2681,0.0819,0.0273,3,0.0,0,0,1,0,0,1,product_review,en,tool_abuse
300,44,5.773,16,0.0579,0.0133,0.0267,7,0.0,0,0,1,0,0,0,document,en,conditional_trigger
327,34,8.529,132,0.2538,0.0673,0.0245,10,0.0,0,0,2,0,0,1,email,en,refusal_suppression
250,32,6.75,36,0.0253,0.008,0.064,7,0.0,0,1,0,0,0,0,email,fr,conditional_trigger
221,36,5.083,12,0.0588,0.009,0.0498,7,0.0,0,0,0,0,0,0,document,en,misinformation_seed
261,20,12.0,112,0.314,0.0728,0.0536,8,0.0,0,0,1,0,0,1,calendar_invite,en,instruction_override
260,40,5.5,12,0.0293,0.0231,0.0346,3,0.0,0,0,2,2,0,0,rag_chunk,en,system_prompt_leak
229,30,6.467,18,0.0309,0.0175,0.1223,5,0.0,0,0,0,0,0,0,html_metadata,en,conditional_trigger
215,24,8.0,43,0.0461,0.0,0.186,6,0.0,0,1,0,0,0,0,html_metadata,en,output_manipulation
161,19,7.474,22,0.1374,0.0124,0.0559,5,0.0,0,0,1,2,0,0,email,en,fake_authority
208,36,4.778,10,0.063,0.1779,0.0385,3,0.0,0,0,0,0,0,0,web_page,en,role_hijack
307,46,5.63,11,0.1502,0.013,0.0717,8,0.0,0,0,2,1,2,0,document,en,delimiter_injection
289,46,5.283,10,0.1239,0.0069,0.0796,4,0.0,0,0,1,0,5,0,product_review,en,delimiter_injection
171,23,6.435,26,0.0161,0.0468,0.0877,3,0.0,0,0,1,0,0,0,rag_chunk,en,system_prompt_leak
170,18,8.444,43,0.0492,0.0471,0.1235,3,0.0,0,1,1,0,0,0,rag_chunk,en,output_manipulation
208,28,6.429,32,0.0845,0.0337,0.149,4,0.0,0,1,0,0,0,0,api_response,en,data_exfiltration
330,47,5.979,16,0.0491,0.0424,0.1273,7,0.0818,27,0,0,0,0,0,support_ticket,fr,conditional_trigger
312,48,5.458,32,0.071,0.2147,0.0801,7,0.0,0,0,0,0,0,0,support_ticket,fr,data_exfiltration
325,51,5.333,14,0.0383,0.0123,0.0215,7,0.0,0,0,0,6,0,0,document,fr,role_hijack
261,41,5.317,36,0.0649,0.0192,0.1073,8,0.0,0,1,0,0,0,0,pdf_text,en,output_manipulation
247,45,4.444,11,0.0811,0.0202,0.0405,8,0.0,0,0,0,0,0,0,pdf_text,en,refusal_suppression
169,24,6.083,21,0.0078,0.0,0.0947,4,0.0,0,0,0,0,0,0,tool_output,en,output_manipulation
226,40,4.6,10,0.0578,0.0088,0.0398,7,0.0,0,0,0,0,0,0,document,en,output_manipulation
200,37,4.405,10,0.0779,0.005,0.04,3,0.115,0,0,0,0,0,0,web_page,en,refusal_suppression
295,39,6.513,43,0.0704,0.0475,0.0881,7,0.0,0,1,0,0,0,0,support_ticket,en,output_manipulation
333,51,5.49,14,0.0522,0.012,0.024,7,0.0,0,0,0,5,0,0,document,fr,role_hijack
330,46,6.174,32,0.03,0.0,0.0515,3,0.0,0,1,0,0,0,0,web_page,fr,data_exfiltration
251,39,5.359,12,0.0347,0.0,0.0279,10,0.0,0,0,0,0,0,0,email,pt,tool_abuse
267,47,4.681,19,0.1029,0.2547,0.0599,3,0.0,0,0,0,0,0,0,web_page,en,staged_multistep
301,47,5.362,13,0.0541,0.0465,0.0498,7,0.0831,0,0,0,0,0,0,support_ticket,en,refusal_suppression
312,29,9.759,140,0.2806,0.0705,0.0256,3,0.0,0,0,1,0,0,1,product_review,en,fake_authority
233,34,5.853,14,0.0316,0.0086,0.03,3,0.0944,0,0,0,1,0,0,product_review,en,role_hijack
166,20,7.3,26,0.0156,0.0482,0.0542,3,0.0,0,0,3,1,0,0,rag_chunk,en,system_prompt_leak
390,49,6.959,36,0.019,0.0026,0.0641,3,0.0,0,0,0,0,0,0,web_page,fr,refusal_suppression
226,30,6.533,18,0.0289,0.0088,0.0796,5,0.0,0,0,3,1,6,0,product_review,en,delimiter_injection
268,44,5.045,13,0.0464,0.0522,0.0485,7,0.0,0,0,0,0,0,0,support_ticket,fr,misinformation_seed
150,21,6.143,22,0.0484,0.0,0.0333,5,0.0,0,0,1,1,0,0,email,en,instruction_override
305,45,5.778,12,0.1061,0.0,0.0492,4,0.0,0,0,1,1,2,0,web_page,pt,delimiter_injection
240,13,17.462,132,0.3168,0.0833,0.0208,5,0.0,0,0,1,0,0,1,email,en,staged_multistep
200,27,6.407,16,0.3885,0.035,0.135,7,0.0,0,0,0,2,0,0,api_response,en,delimiter_injection
172,24,6.167,16,0.075,0.0407,0.1221,4,0.0,0,0,0,0,0,0,api_response,en,tool_abuse
240,41,4.854,10,0.0582,0.0042,0.0375,3,0.0,0,0,0,0,0,0,web_page,en,misinformation_seed
328,53,5.151,14,0.0342,0.0122,0.0183,7,0.0,0,0,0,0,0,0,document,fr,staged_multistep
144,18,7.0,22,0.041,0.0,0.0278,5,0.1042,0,0,0,0,0,0,email,en,instruction_override
150,22,5.818,22,0.0496,0.0,0.0467,5,0.0,0,0,0,0,0,0,email,en,tool_abuse
