montant_eur,frequence_mensuelle,anciennete_mois,nb_pays,ratio_nuit
73.87,8.9,10.8,1,0.333
117.37,12.3,75.3,1,0.192
76.03,9.6,46.1,1,0.109
71.28,15.4,44.2,2,0.413
81.8,9.2,39.3,2,0.231
92.0,15.0,40.8,1,0.145
28.75,14.7,48.2,3,0.204
50.71,5.7,25.2,1,0.293
59.0,16.7,57.0,1,0.148
84.0,5.6,58.3,1,0.2
63.45,9.0,44.5,1,0.254
75.93,17.3,23.1,1,0.018
80.0,11.7,41.3,2,0.07
101.01,13.8,55.8,2,0.023
132.33,7.0,46.1,1,0.115
74.4,9.8,33.1,1,0.251
103.51,10.8,30.0,1,0.108
91.42,17.9,85.0,1,0.135
800.29,46.6,2.9,8,0.794
87.15,7.5,30.1,1,0.037
77.54,11.2,47.6,1,0.214
96.63,21.3,14.2,3,0.119
116.54,12.0,60.7,1,0.463
60.92,13.3,111.6,1,0.179
83.56,11.4,41.3,1,0.142
650.49,77.9,1.4,9,0.81
76.48,11.5,61.7,1,0.528
71.09,14.1,33.7,1,0.243
99.83,13.5,42.3,2,0.096
56.66,6.3,64.7,1,0.569
92.02,15.4,72.3,1,0.025
91.69,13.3,62.3,1,0.425
55.26,15.2,62.0,1,0.15
55.87,6.1,57.0,2,0.426
100.96,13.5,53.6,1,0.098
86.57,15.6,67.4,1,0.212
98.76,12.2,53.2,1,0.231
106.65,4.7,41.0,2,0.153
64.03,2.8,37.3,1,0.058
76.08,20.3,15.6,1,0.222
103.19,9.4,66.2,3,0.159
53.44,11.2,41.6,1,0.106
623.64,49.6,1.6,11,0.747
43.85,14.1,37.6,1,0.441
112.48,13.8,53.4,1,0.162
49.53,10.9,55.9,2,0.146
129.92,6.1,43.6,1,0.095
59.47,16.5,44.2,1,0.174
37.93,3.7,80.2,1,0.234
75.91,11.8,81.6,4,0.2
101.96,10.7,52.7,1,0.301
43.32,13.0,37.9,1,0.308
48.11,12.9,18.1,3,0.127
599.32,66.9,1.2,11,0.907
109.78,8.9,33.9,2,0.273
63.63,12.6,68.0,1,0.097
43.41,13.4,31.1,4,0.054
76.65,11.3,72.3,3,0.224
113.43,9.1,43.9,1,0.574
91.15,16.3,71.8,1,0.222
110.56,17.2,84.4,1,0.277
65.23,14.7,26.3,3,0.161
91.79,14.7,32.9,1,0.125
52.58,8.2,40.0,5,0.478
95.88,17.3,27.4,1,0.27
85.8,8.0,25.4,1,0.26
45.8,12.7,60.8,1,0.185
37.82,10.2,46.4,5,0.2
120.04,10.4,38.8,1,0.092
68.26,17.3,30.6,1,0.259
707.14,69.6,2.1,6,0.815
152.63,13.8,53.5,3,0.123
85.94,15.0,60.5,2,0.066
68.63,8.6,27.6,1,0.186
50.1,15.4,59.7,3,0.161
84.41,13.7,58.2,1,0.407
69.29,18.9,22.4,1,0.283
116.58,2.7,1.6,1,0.299
84.07,14.4,39.9,2,0.219
133.23,18.3,35.4,1,0.314
95.64,7.8,51.3,2,0.141
57.36,5.6,1.0,1,0.436
87.23,7.1,39.2,1,0.488
88.92,6.1,32.4,1,0.242
69.73,19.7,27.7,2,0.169
45.63,11.0,1.0,1,0.301
71.63,9.6,99.0,1,0.007
119.48,8.7,84.0,1,0.132
70.13,12.4,36.9,1,0.161
75.22,16.3,58.5,1,0.306
77.15,11.2,63.3,4,0.333
98.58,14.9,27.3,3,0.132
69.62,7.8,23.7,1,0.07
99.44,13.2,24.9,3,0.084
58.67,11.7,68.5,1,0.403
61.77,18.5,73.7,1,0.018
58.92,13.5,26.1,1,0.176
67.84,9.4,18.1,2,0.343
66.76,17.6,52.3,2,0.283
89.99,7.0,37.5,1,0.313
90.72,8.2,83.7,1,0.35
101.79,14.6,62.3,1,0.05
47.81,10.6,54.2,1,0.273
66.76,11.3,38.4,3,0.096
58.08,10.2,44.0,1,0.087
56.84,10.9,44.0,2,0.13
808.92,75.0,0.7,11,0.701
64.01,15.0,29.7,2,0.177
633.64,51.4,2.6,6,0.799
58.52,18.9,87.9,5,0.141
72.09,17.9,73.0,1,0.274
77.57,7.9,83.1,1,0.193
152.85,8.4,60.9,1,0.101
79.87,14.3,22.4,2,0.012
61.87,16.3,49.2,2,0.175
52.32,22.4,54.8,1,0.37
91.16,14.2,41.5,2,0.097
88.79,13.2,76.5,1,0.033
55.07,5.6,57.6,1,0.243
79.58,1.7,42.9,1,0.052
90.32,13.8,52.8,1,0.261
89.14,19.0,64.3,1,0.046
85.5,15.3,67.0,3,0.156
43.57,13.2,53.4,1,0.217
66.12,14.8,40.4,2,0.09
58.35,13.7,27.2,1,0.19
63.65,8.1,70.0,1,0.026
49.39,10.9,65.1,2,0.219
73.34,12.8,79.2,1,0.192
67.9,4.0,65.9,1,0.03
69.84,12.3,36.4,1,0.03
54.0,13.1,46.6,1,0.271
83.26,13.3,53.7,1,0.106
108.18,5.0,26.6,1,0.167
58.67,11.1,55.3,1,0.244
52.19,12.2,65.0,1,0.055
43.82,12.4,13.9,1,0.285
95.4,7.3,35.3,1,0.282
46.93,17.2,15.7,1,0.034
635.94,50.2,2.4,7,0.92
48.05,11.9,50.0,2,0.296
78.66,13.7,29.5,1,0.315
85.48,10.8,42.0,3,0.077
85.47,18.0,22.3,1,0.271
826.83,72.8,0.7,9,0.776
67.19,9.2,73.5,3,0.207
83.96,16.0,13.4,1,0.141
71.81,6.0,48.2,2,0.259
74.44,11.7,46.9,1,0.091
59.68,13.6,43.8,3,0.318
94.66,5.7,9.3,1,0.016
70.92,8.7,81.4,1,0.482
105.07,17.5,53.0,2,0.241
58.05,13.8,49.2,1,0.132
93.45,15.6,48.9,1,0.434
93.58,5.7,52.7,1,0.217
49.36,13.3,10.8,1,0.3
36.82,14.8,44.7,1,0.315
123.09,10.6,73.0,1,0.412
82.26,13.7,53.1,1,0.083
84.48,11.5,43.1,1,0.41
95.78,9.3,48.6,2,0.31
73.12,13.2,39.8,1,0.134
55.33,2.4,5.7,3,0.162
67.52,17.3,25.2,1,0.267
92.17,12.0,54.4,1,0.186
54.41,10.9,54.3,3,0.045
91.36,14.2,48.6,1,0.339
687.41,63.3,1.2,10,0.926
476.75,41.3,0.7,9,0.829
80.77,10.7,84.0,2,0.167
61.96,10.8,86.1,1,0.246
80.31,15.4,51.5,2,0.135
57.43,11.5,51.2,1,0.42
74.86,2.8,55.0,2,0.349
52.89,9.8,55.8,1,0.402
81.69,12.1,77.0,3,0.183
119.33,8.4,50.6,1,0.075
47.45,11.0,18.9,2,0.254
56.03,15.5,31.3,1,0.133
142.94,10.8,67.9,1,0.236
85.82,12.8,63.8,2,0.298
36.06,12.5,53.1,1,0.25
56.25,12.2,95.7,1,0.198
133.21,10.7,59.0,1,0.233
43.23,17.4,69.0,2,0.101
126.92,12.4,69.2,1,0.243
97.78,17.9,41.8,2,0.226
93.31,13.8,37.6,1,0.107
102.9,15.7,47.0,2,0.312
78.98,12.3,3.1,1,0.583
112.65,10.2,48.2,1,0.372
70.55,8.8,63.7,2,0.054
54.61,12.4,28.5,1,0.418
36.39,11.4,38.2,1,0.33
81.33,20.1,84.7,2,0.183
80.55,15.3,78.0,1,0.233
103.29,13.4,63.6,1,0.212
77.64,17.8,36.4,1,0.06
87.84,8.7,29.8,1,0.16
90.77,15.3,12.5,1,0.281
72.27,11.5,40.2,1,0.369
90.36,10.6,47.7,1,0.138
104.57,13.4,63.3,2,0.189
45.58,16.4,43.1,4,0.047
96.26,19.3,58.8,1,0.044
26.32,8.4,45.4,2,0.085
78.78,16.3,52.1,1,0.167
772.82,79.5,0.5,8,0.784
68.24,14.4,57.4,2,0.361
88.44,11.3,82.6,3,0.192
85.8,7.3,56.9,1,0.129
52.24,12.8,53.6,3,0.096
96.97,7.9,35.7,1,0.259
108.22,15.1,58.8,1,0.452
104.21,18.5,1.0,1,0.121
86.69,6.5,47.8,1,0.28
72.01,16.6,35.6,3,0.208
75.38,7.8,23.6,1,0.289
100.88,6.8,31.5,1,0.121
26.7,18.9,27.3,3,0.109
90.86,12.6,64.3,1,0.322
87.89,9.2,54.9,1,0.12
69.32,13.5,60.3,1,0.081
87.91,9.0,48.7,1,0.024
71.52,10.1,56.4,1,0.302
78.01,18.4,41.2,1,0.222
81.65,10.5,42.1,1,0.189
89.22,5.9,24.5,1,0.115
85.59,9.2,52.8,1,0.186
84.58,10.4,29.6,1,0.418
96.1,8.6,75.0,2,0.282
90.87,8.7,48.6,1,0.324
74.02,14.1,39.5,1,0.368
62.98,10.7,53.0,1,0.196
64.7,13.9,16.7,1,0.112
77.03,3.7,40.6,3,0.633
70.46,12.8,25.9,2,0.305
70.25,12.8,70.3,1,0.187
50.38,10.6,25.6,1,0.116
50.28,9.3,28.7,1,0.331
71.65,10.8,21.9,1,0.279
86.06,21.7,23.0,1,0.139
92.43,8.5,51.4,1,0.137
72.82,15.2,48.8,1,0.511
636.07,55.3,2.7,9,0.95
133.54,10.8,58.3,1,0.201
99.43,5.3,48.6,1,0.228
59.66,16.0,35.4,1,0.09
105.32,13.5,30.1,4,0.303
31.22,11.6,51.8,1,0.548
124.2,11.2,77.2,1,0.312
78.75,11.8,80.2,2,0.053
85.71,5.8,45.5,1,0.185
62.6,1.0,45.0,1,0.317
113.98,4.0,3.0,1,0.082
570.69,75.0,1.9,6,0.855
83.93,15.7,27.6,2,0.046
82.26,13.9,12.3,1,0.133
125.92,10.2,52.9,2,0.066
83.89,14.2,41.5,1,0.209
54.11,9.9,70.6,1,0.266
110.15,15.6,55.6,3,0.084
101.98,12.7,1.0,1,0.111
51.67,12.9,62.0,1,0.078
123.22,16.6,24.8,1,0.389
69.42,4.0,30.0,1,0.151
70.42,7.4,62.8,2,0.229
70.6,13.0,45.6,1,0.102
691.0,60.4,2.1,7,0.738
57.63,12.9,12.3,1,0.237
100.95,9.6,59.2,1,0.169
74.05,11.4,55.9,1,0.108
59.39,15.0,14.3,1,0.161
115.19,8.9,75.2,1,0.283
121.27,14.5,56.9,3,0.07
88.54,9.8,76.8,1,0.018
65.15,12.9,73.0,1,0.2
107.66,16.4,89.0,2,0.118
38.13,7.7,2.4,1,0.024
75.51,16.3,60.7,1,0.084
82.92,9.9,31.9,1,0.315
89.65,11.7,55.3,1,0.197
83.2,12.6,74.7,1,0.348
70.79,14.5,38.4,1,0.282
97.26,11.4,45.2,2,0.236
87.62,10.1,19.0,1,0.161
101.45,15.3,59.6,2,0.273
89.62,19.8,64.1,1,0.09
76.14,6.0,26.4,2,0.291
63.36,11.7,19.5,1,0.384
57.01,13.1,89.1,1,0.168
76.14,14.3,15.0,3,0.17
118.39,13.4,70.7,1,0.204
98.44,13.1,21.7,1,0.132
46.84,4.7,46.4,3,0.078
68.44,9.7,25.7,3,0.121
71.2,16.7,39.5,2,0.274
96.08,17.7,49.7,1,0.198
84.31,13.3,66.6,1,0.137
